[2026-02-02T16:11:46.301+0000] {processor.py:161} INFO - Started process (PID=26) to work on /opt/airflow/dags/clean_sales_dag.py
[2026-02-02T16:11:46.303+0000] {processor.py:830} INFO - Processing file /opt/airflow/dags/clean_sales_dag.py for tasks to queue
[2026-02-02T16:11:46.310+0000] {logging_mixin.py:188} INFO - [2026-02-02T16:11:46.309+0000] {dagbag.py:545} INFO - Filling up the DagBag from /opt/airflow/dags/clean_sales_dag.py
[2026-02-02T16:11:46.356+0000] {processor.py:840} INFO - DAG(s) 'sales_silver_cleaning_pipeline' retrieved from /opt/airflow/dags/clean_sales_dag.py
[2026-02-02T16:11:46.473+0000] {logging_mixin.py:188} INFO - [2026-02-02T16:11:46.473+0000] {dag.py:3089} INFO - Sync 1 DAGs
[2026-02-02T16:11:46.498+0000] {logging_mixin.py:188} INFO - [2026-02-02T16:11:46.498+0000] {dag.py:3947} INFO - Setting next_dagrun for sales_silver_cleaning_pipeline to None, run_after=None
[2026-02-02T16:11:46.553+0000] {processor.py:183} INFO - Processing /opt/airflow/dags/clean_sales_dag.py took 0.268 seconds
[2026-02-02T16:12:17.095+0000] {processor.py:161} INFO - Started process (PID=70) to work on /opt/airflow/dags/clean_sales_dag.py
[2026-02-02T16:12:17.097+0000] {processor.py:830} INFO - Processing file /opt/airflow/dags/clean_sales_dag.py for tasks to queue
[2026-02-02T16:12:17.101+0000] {logging_mixin.py:188} INFO - [2026-02-02T16:12:17.101+0000] {dagbag.py:545} INFO - Filling up the DagBag from /opt/airflow/dags/clean_sales_dag.py
[2026-02-02T16:12:17.145+0000] {processor.py:840} INFO - DAG(s) 'sales_silver_cleaning_pipeline' retrieved from /opt/airflow/dags/clean_sales_dag.py
[2026-02-02T16:12:17.189+0000] {logging_mixin.py:188} INFO - [2026-02-02T16:12:17.189+0000] {dag.py:3089} INFO - Sync 1 DAGs
[2026-02-02T16:12:17.217+0000] {logging_mixin.py:188} INFO - [2026-02-02T16:12:17.217+0000] {dag.py:3947} INFO - Setting next_dagrun for sales_silver_cleaning_pipeline to None, run_after=None
[2026-02-02T16:12:17.251+0000] {processor.py:183} INFO - Processing /opt/airflow/dags/clean_sales_dag.py took 0.171 seconds
[2026-02-02T16:12:47.663+0000] {processor.py:161} INFO - Started process (PID=105) to work on /opt/airflow/dags/clean_sales_dag.py
[2026-02-02T16:12:47.665+0000] {processor.py:830} INFO - Processing file /opt/airflow/dags/clean_sales_dag.py for tasks to queue
[2026-02-02T16:12:47.669+0000] {logging_mixin.py:188} INFO - [2026-02-02T16:12:47.668+0000] {dagbag.py:545} INFO - Filling up the DagBag from /opt/airflow/dags/clean_sales_dag.py
[2026-02-02T16:12:47.714+0000] {processor.py:840} INFO - DAG(s) 'sales_silver_cleaning_pipeline' retrieved from /opt/airflow/dags/clean_sales_dag.py
[2026-02-02T16:12:47.760+0000] {logging_mixin.py:188} INFO - [2026-02-02T16:12:47.759+0000] {dag.py:3089} INFO - Sync 1 DAGs
[2026-02-02T16:12:47.786+0000] {logging_mixin.py:188} INFO - [2026-02-02T16:12:47.786+0000] {dag.py:3947} INFO - Setting next_dagrun for sales_silver_cleaning_pipeline to None, run_after=None
[2026-02-02T16:12:47.870+0000] {processor.py:183} INFO - Processing /opt/airflow/dags/clean_sales_dag.py took 0.222 seconds
[2026-02-02T16:13:18.428+0000] {processor.py:161} INFO - Started process (PID=146) to work on /opt/airflow/dags/clean_sales_dag.py
[2026-02-02T16:13:18.430+0000] {processor.py:830} INFO - Processing file /opt/airflow/dags/clean_sales_dag.py for tasks to queue
[2026-02-02T16:13:18.434+0000] {logging_mixin.py:188} INFO - [2026-02-02T16:13:18.433+0000] {dagbag.py:545} INFO - Filling up the DagBag from /opt/airflow/dags/clean_sales_dag.py
[2026-02-02T16:13:18.478+0000] {processor.py:840} INFO - DAG(s) 'sales_silver_cleaning_pipeline' retrieved from /opt/airflow/dags/clean_sales_dag.py
[2026-02-02T16:13:18.523+0000] {logging_mixin.py:188} INFO - [2026-02-02T16:13:18.523+0000] {dag.py:3089} INFO - Sync 1 DAGs
[2026-02-02T16:13:18.548+0000] {logging_mixin.py:188} INFO - [2026-02-02T16:13:18.548+0000] {dag.py:3947} INFO - Setting next_dagrun for sales_silver_cleaning_pipeline to None, run_after=None
[2026-02-02T16:13:18.603+0000] {processor.py:183} INFO - Processing /opt/airflow/dags/clean_sales_dag.py took 0.183 seconds
[2026-02-02T16:13:49.059+0000] {processor.py:161} INFO - Started process (PID=171) to work on /opt/airflow/dags/clean_sales_dag.py
[2026-02-02T16:13:49.062+0000] {processor.py:830} INFO - Processing file /opt/airflow/dags/clean_sales_dag.py for tasks to queue
[2026-02-02T16:13:49.070+0000] {logging_mixin.py:188} INFO - [2026-02-02T16:13:49.069+0000] {dagbag.py:545} INFO - Filling up the DagBag from /opt/airflow/dags/clean_sales_dag.py
[2026-02-02T16:13:49.208+0000] {processor.py:840} INFO - DAG(s) 'sales_silver_cleaning_pipeline' retrieved from /opt/airflow/dags/clean_sales_dag.py
[2026-02-02T16:13:49.276+0000] {logging_mixin.py:188} INFO - [2026-02-02T16:13:49.276+0000] {dag.py:3089} INFO - Sync 1 DAGs
[2026-02-02T16:13:49.300+0000] {logging_mixin.py:188} INFO - [2026-02-02T16:13:49.300+0000] {dag.py:3947} INFO - Setting next_dagrun for sales_silver_cleaning_pipeline to None, run_after=None
[2026-02-02T16:13:49.371+0000] {processor.py:183} INFO - Processing /opt/airflow/dags/clean_sales_dag.py took 0.321 seconds
[2026-02-02T16:14:19.935+0000] {processor.py:161} INFO - Started process (PID=175) to work on /opt/airflow/dags/clean_sales_dag.py
[2026-02-02T16:14:19.937+0000] {processor.py:830} INFO - Processing file /opt/airflow/dags/clean_sales_dag.py for tasks to queue
[2026-02-02T16:14:19.940+0000] {logging_mixin.py:188} INFO - [2026-02-02T16:14:19.940+0000] {dagbag.py:545} INFO - Filling up the DagBag from /opt/airflow/dags/clean_sales_dag.py
[2026-02-02T16:14:19.999+0000] {processor.py:840} INFO - DAG(s) 'sales_silver_cleaning_pipeline' retrieved from /opt/airflow/dags/clean_sales_dag.py
[2026-02-02T16:14:20.057+0000] {logging_mixin.py:188} INFO - [2026-02-02T16:14:20.056+0000] {dag.py:3089} INFO - Sync 1 DAGs
[2026-02-02T16:14:20.088+0000] {logging_mixin.py:188} INFO - [2026-02-02T16:14:20.087+0000] {dag.py:3947} INFO - Setting next_dagrun for sales_silver_cleaning_pipeline to None, run_after=None
[2026-02-02T16:14:20.170+0000] {processor.py:183} INFO - Processing /opt/airflow/dags/clean_sales_dag.py took 0.247 seconds
[2026-02-02T16:14:50.511+0000] {processor.py:161} INFO - Started process (PID=179) to work on /opt/airflow/dags/clean_sales_dag.py
[2026-02-02T16:14:50.513+0000] {processor.py:830} INFO - Processing file /opt/airflow/dags/clean_sales_dag.py for tasks to queue
[2026-02-02T16:14:50.517+0000] {logging_mixin.py:188} INFO - [2026-02-02T16:14:50.516+0000] {dagbag.py:545} INFO - Filling up the DagBag from /opt/airflow/dags/clean_sales_dag.py
[2026-02-02T16:14:50.590+0000] {processor.py:840} INFO - DAG(s) 'sales_silver_cleaning_pipeline' retrieved from /opt/airflow/dags/clean_sales_dag.py
[2026-02-02T16:14:50.677+0000] {logging_mixin.py:188} INFO - [2026-02-02T16:14:50.676+0000] {dag.py:3089} INFO - Sync 1 DAGs
[2026-02-02T16:14:50.714+0000] {logging_mixin.py:188} INFO - [2026-02-02T16:14:50.713+0000] {dag.py:3947} INFO - Setting next_dagrun for sales_silver_cleaning_pipeline to None, run_after=None
[2026-02-02T16:14:50.745+0000] {processor.py:183} INFO - Processing /opt/airflow/dags/clean_sales_dag.py took 0.245 seconds
[2026-02-02T16:17:33.162+0000] {processor.py:161} INFO - Started process (PID=26) to work on /opt/airflow/dags/clean_sales_dag.py
[2026-02-02T16:17:33.165+0000] {processor.py:830} INFO - Processing file /opt/airflow/dags/clean_sales_dag.py for tasks to queue
[2026-02-02T16:17:33.171+0000] {logging_mixin.py:188} INFO - [2026-02-02T16:17:33.170+0000] {dagbag.py:545} INFO - Filling up the DagBag from /opt/airflow/dags/clean_sales_dag.py
[2026-02-02T16:17:33.224+0000] {processor.py:840} INFO - DAG(s) 'sales_silver_cleaning_pipeline' retrieved from /opt/airflow/dags/clean_sales_dag.py
[2026-02-02T16:17:33.312+0000] {logging_mixin.py:188} INFO - [2026-02-02T16:17:33.311+0000] {dag.py:3089} INFO - Sync 1 DAGs
[2026-02-02T16:17:33.339+0000] {logging_mixin.py:188} INFO - [2026-02-02T16:17:33.338+0000] {dag.py:3947} INFO - Setting next_dagrun for sales_silver_cleaning_pipeline to None, run_after=None
[2026-02-02T16:17:33.386+0000] {processor.py:183} INFO - Processing /opt/airflow/dags/clean_sales_dag.py took 0.243 seconds
[2026-02-02T16:18:03.702+0000] {processor.py:161} INFO - Started process (PID=59) to work on /opt/airflow/dags/clean_sales_dag.py
[2026-02-02T16:18:03.704+0000] {processor.py:830} INFO - Processing file /opt/airflow/dags/clean_sales_dag.py for tasks to queue
[2026-02-02T16:18:03.709+0000] {logging_mixin.py:188} INFO - [2026-02-02T16:18:03.708+0000] {dagbag.py:545} INFO - Filling up the DagBag from /opt/airflow/dags/clean_sales_dag.py
[2026-02-02T16:18:03.762+0000] {processor.py:840} INFO - DAG(s) 'sales_silver_cleaning_pipeline' retrieved from /opt/airflow/dags/clean_sales_dag.py
[2026-02-02T16:18:03.814+0000] {logging_mixin.py:188} INFO - [2026-02-02T16:18:03.813+0000] {dag.py:3089} INFO - Sync 1 DAGs
[2026-02-02T16:18:03.852+0000] {logging_mixin.py:188} INFO - [2026-02-02T16:18:03.852+0000] {dag.py:3947} INFO - Setting next_dagrun for sales_silver_cleaning_pipeline to None, run_after=None
[2026-02-02T16:18:03.899+0000] {processor.py:183} INFO - Processing /opt/airflow/dags/clean_sales_dag.py took 0.213 seconds
[2026-02-02T16:18:34.380+0000] {processor.py:161} INFO - Started process (PID=92) to work on /opt/airflow/dags/clean_sales_dag.py
[2026-02-02T16:18:34.382+0000] {processor.py:830} INFO - Processing file /opt/airflow/dags/clean_sales_dag.py for tasks to queue
[2026-02-02T16:18:34.387+0000] {logging_mixin.py:188} INFO - [2026-02-02T16:18:34.386+0000] {dagbag.py:545} INFO - Filling up the DagBag from /opt/airflow/dags/clean_sales_dag.py
[2026-02-02T16:18:34.447+0000] {processor.py:840} INFO - DAG(s) 'sales_silver_cleaning_pipeline' retrieved from /opt/airflow/dags/clean_sales_dag.py
[2026-02-02T16:18:34.498+0000] {logging_mixin.py:188} INFO - [2026-02-02T16:18:34.498+0000] {dag.py:3089} INFO - Sync 1 DAGs
[2026-02-02T16:18:34.540+0000] {logging_mixin.py:188} INFO - [2026-02-02T16:18:34.540+0000] {dag.py:3947} INFO - Setting next_dagrun for sales_silver_cleaning_pipeline to None, run_after=None
[2026-02-02T16:18:34.574+0000] {processor.py:183} INFO - Processing /opt/airflow/dags/clean_sales_dag.py took 0.210 seconds
[2026-02-02T16:19:05.078+0000] {processor.py:161} INFO - Started process (PID=107) to work on /opt/airflow/dags/clean_sales_dag.py
[2026-02-02T16:19:05.081+0000] {processor.py:830} INFO - Processing file /opt/airflow/dags/clean_sales_dag.py for tasks to queue
[2026-02-02T16:19:05.086+0000] {logging_mixin.py:188} INFO - [2026-02-02T16:19:05.085+0000] {dagbag.py:545} INFO - Filling up the DagBag from /opt/airflow/dags/clean_sales_dag.py
[2026-02-02T16:19:05.151+0000] {processor.py:840} INFO - DAG(s) 'sales_silver_cleaning_pipeline' retrieved from /opt/airflow/dags/clean_sales_dag.py
[2026-02-02T16:19:05.224+0000] {logging_mixin.py:188} INFO - [2026-02-02T16:19:05.223+0000] {dag.py:3089} INFO - Sync 1 DAGs
[2026-02-02T16:19:05.260+0000] {logging_mixin.py:188} INFO - [2026-02-02T16:19:05.260+0000] {dag.py:3947} INFO - Setting next_dagrun for sales_silver_cleaning_pipeline to None, run_after=None
[2026-02-02T16:19:05.352+0000] {processor.py:183} INFO - Processing /opt/airflow/dags/clean_sales_dag.py took 0.291 seconds
[2026-02-02T16:19:35.742+0000] {processor.py:161} INFO - Started process (PID=111) to work on /opt/airflow/dags/clean_sales_dag.py
[2026-02-02T16:19:35.743+0000] {processor.py:830} INFO - Processing file /opt/airflow/dags/clean_sales_dag.py for tasks to queue
[2026-02-02T16:19:35.747+0000] {logging_mixin.py:188} INFO - [2026-02-02T16:19:35.746+0000] {dagbag.py:545} INFO - Filling up the DagBag from /opt/airflow/dags/clean_sales_dag.py
[2026-02-02T16:19:35.794+0000] {processor.py:840} INFO - DAG(s) 'sales_silver_cleaning_pipeline' retrieved from /opt/airflow/dags/clean_sales_dag.py
[2026-02-02T16:19:35.837+0000] {logging_mixin.py:188} INFO - [2026-02-02T16:19:35.837+0000] {dag.py:3089} INFO - Sync 1 DAGs
[2026-02-02T16:19:35.868+0000] {logging_mixin.py:188} INFO - [2026-02-02T16:19:35.867+0000] {dag.py:3947} INFO - Setting next_dagrun for sales_silver_cleaning_pipeline to None, run_after=None
[2026-02-02T16:19:35.904+0000] {processor.py:183} INFO - Processing /opt/airflow/dags/clean_sales_dag.py took 0.172 seconds
[2026-02-02T16:20:06.562+0000] {processor.py:161} INFO - Started process (PID=125) to work on /opt/airflow/dags/clean_sales_dag.py
[2026-02-02T16:20:06.565+0000] {processor.py:830} INFO - Processing file /opt/airflow/dags/clean_sales_dag.py for tasks to queue
[2026-02-02T16:20:06.571+0000] {logging_mixin.py:188} INFO - [2026-02-02T16:20:06.570+0000] {dagbag.py:545} INFO - Filling up the DagBag from /opt/airflow/dags/clean_sales_dag.py
[2026-02-02T16:20:06.627+0000] {processor.py:840} INFO - DAG(s) 'sales_silver_cleaning_pipeline' retrieved from /opt/airflow/dags/clean_sales_dag.py
[2026-02-02T16:20:06.682+0000] {logging_mixin.py:188} INFO - [2026-02-02T16:20:06.682+0000] {dag.py:3089} INFO - Sync 1 DAGs
[2026-02-02T16:20:06.711+0000] {logging_mixin.py:188} INFO - [2026-02-02T16:20:06.711+0000] {dag.py:3947} INFO - Setting next_dagrun for sales_silver_cleaning_pipeline to None, run_after=None
[2026-02-02T16:20:06.750+0000] {processor.py:183} INFO - Processing /opt/airflow/dags/clean_sales_dag.py took 0.214 seconds
[2026-02-02T16:20:37.200+0000] {processor.py:161} INFO - Started process (PID=167) to work on /opt/airflow/dags/clean_sales_dag.py
[2026-02-02T16:20:37.202+0000] {processor.py:830} INFO - Processing file /opt/airflow/dags/clean_sales_dag.py for tasks to queue
[2026-02-02T16:20:37.207+0000] {logging_mixin.py:188} INFO - [2026-02-02T16:20:37.206+0000] {dagbag.py:545} INFO - Filling up the DagBag from /opt/airflow/dags/clean_sales_dag.py
[2026-02-02T16:20:37.254+0000] {processor.py:840} INFO - DAG(s) 'sales_silver_cleaning_pipeline' retrieved from /opt/airflow/dags/clean_sales_dag.py
[2026-02-02T16:20:37.298+0000] {logging_mixin.py:188} INFO - [2026-02-02T16:20:37.297+0000] {dag.py:3089} INFO - Sync 1 DAGs
[2026-02-02T16:20:37.323+0000] {logging_mixin.py:188} INFO - [2026-02-02T16:20:37.323+0000] {dag.py:3947} INFO - Setting next_dagrun for sales_silver_cleaning_pipeline to None, run_after=None
[2026-02-02T16:20:37.405+0000] {processor.py:183} INFO - Processing /opt/airflow/dags/clean_sales_dag.py took 0.213 seconds
[2026-02-02T16:21:07.900+0000] {processor.py:161} INFO - Started process (PID=173) to work on /opt/airflow/dags/clean_sales_dag.py
[2026-02-02T16:21:07.902+0000] {processor.py:830} INFO - Processing file /opt/airflow/dags/clean_sales_dag.py for tasks to queue
[2026-02-02T16:21:07.904+0000] {logging_mixin.py:188} INFO - [2026-02-02T16:21:07.904+0000] {dagbag.py:545} INFO - Filling up the DagBag from /opt/airflow/dags/clean_sales_dag.py
[2026-02-02T16:21:07.938+0000] {processor.py:840} INFO - DAG(s) 'sales_silver_cleaning_pipeline' retrieved from /opt/airflow/dags/clean_sales_dag.py
[2026-02-02T16:21:07.972+0000] {logging_mixin.py:188} INFO - [2026-02-02T16:21:07.971+0000] {dag.py:3089} INFO - Sync 1 DAGs
[2026-02-02T16:21:07.997+0000] {logging_mixin.py:188} INFO - [2026-02-02T16:21:07.997+0000] {dag.py:3947} INFO - Setting next_dagrun for sales_silver_cleaning_pipeline to None, run_after=None
[2026-02-02T16:21:08.081+0000] {processor.py:183} INFO - Processing /opt/airflow/dags/clean_sales_dag.py took 0.190 seconds
[2026-02-02T16:21:38.617+0000] {processor.py:161} INFO - Started process (PID=177) to work on /opt/airflow/dags/clean_sales_dag.py
[2026-02-02T16:21:38.619+0000] {processor.py:830} INFO - Processing file /opt/airflow/dags/clean_sales_dag.py for tasks to queue
[2026-02-02T16:21:38.623+0000] {logging_mixin.py:188} INFO - [2026-02-02T16:21:38.623+0000] {dagbag.py:545} INFO - Filling up the DagBag from /opt/airflow/dags/clean_sales_dag.py
[2026-02-02T16:21:38.689+0000] {processor.py:840} INFO - DAG(s) 'sales_silver_cleaning_pipeline' retrieved from /opt/airflow/dags/clean_sales_dag.py
[2026-02-02T16:21:38.774+0000] {logging_mixin.py:188} INFO - [2026-02-02T16:21:38.774+0000] {dag.py:3089} INFO - Sync 1 DAGs
[2026-02-02T16:21:38.795+0000] {logging_mixin.py:188} INFO - [2026-02-02T16:21:38.795+0000] {dag.py:3947} INFO - Setting next_dagrun for sales_silver_cleaning_pipeline to None, run_after=None
[2026-02-02T16:21:38.827+0000] {processor.py:183} INFO - Processing /opt/airflow/dags/clean_sales_dag.py took 0.218 seconds
[2026-02-02T16:22:09.573+0000] {processor.py:161} INFO - Started process (PID=181) to work on /opt/airflow/dags/clean_sales_dag.py
[2026-02-02T16:22:09.575+0000] {processor.py:830} INFO - Processing file /opt/airflow/dags/clean_sales_dag.py for tasks to queue
[2026-02-02T16:22:09.578+0000] {logging_mixin.py:188} INFO - [2026-02-02T16:22:09.578+0000] {dagbag.py:545} INFO - Filling up the DagBag from /opt/airflow/dags/clean_sales_dag.py
[2026-02-02T16:22:09.637+0000] {processor.py:840} INFO - DAG(s) 'sales_silver_cleaning_pipeline' retrieved from /opt/airflow/dags/clean_sales_dag.py
[2026-02-02T16:22:09.680+0000] {logging_mixin.py:188} INFO - [2026-02-02T16:22:09.680+0000] {dag.py:3089} INFO - Sync 1 DAGs
[2026-02-02T16:22:09.703+0000] {logging_mixin.py:188} INFO - [2026-02-02T16:22:09.703+0000] {dag.py:3947} INFO - Setting next_dagrun for sales_silver_cleaning_pipeline to None, run_after=None
[2026-02-02T16:22:09.795+0000] {processor.py:183} INFO - Processing /opt/airflow/dags/clean_sales_dag.py took 0.232 seconds
[2026-02-02T16:22:40.520+0000] {processor.py:161} INFO - Started process (PID=195) to work on /opt/airflow/dags/clean_sales_dag.py
[2026-02-02T16:22:40.522+0000] {processor.py:830} INFO - Processing file /opt/airflow/dags/clean_sales_dag.py for tasks to queue
[2026-02-02T16:22:40.526+0000] {logging_mixin.py:188} INFO - [2026-02-02T16:22:40.525+0000] {dagbag.py:545} INFO - Filling up the DagBag from /opt/airflow/dags/clean_sales_dag.py
[2026-02-02T16:22:40.576+0000] {processor.py:840} INFO - DAG(s) 'sales_silver_cleaning_pipeline' retrieved from /opt/airflow/dags/clean_sales_dag.py
[2026-02-02T16:22:40.640+0000] {logging_mixin.py:188} INFO - [2026-02-02T16:22:40.640+0000] {dag.py:3089} INFO - Sync 1 DAGs
[2026-02-02T16:22:40.687+0000] {logging_mixin.py:188} INFO - [2026-02-02T16:22:40.686+0000] {dag.py:3947} INFO - Setting next_dagrun for sales_silver_cleaning_pipeline to None, run_after=None
[2026-02-02T16:22:40.754+0000] {processor.py:183} INFO - Processing /opt/airflow/dags/clean_sales_dag.py took 0.250 seconds
[2026-02-02T16:23:11.281+0000] {processor.py:161} INFO - Started process (PID=199) to work on /opt/airflow/dags/clean_sales_dag.py
[2026-02-02T16:23:11.283+0000] {processor.py:830} INFO - Processing file /opt/airflow/dags/clean_sales_dag.py for tasks to queue
[2026-02-02T16:23:11.288+0000] {logging_mixin.py:188} INFO - [2026-02-02T16:23:11.287+0000] {dagbag.py:545} INFO - Filling up the DagBag from /opt/airflow/dags/clean_sales_dag.py
[2026-02-02T16:23:11.341+0000] {processor.py:840} INFO - DAG(s) 'sales_silver_cleaning_pipeline' retrieved from /opt/airflow/dags/clean_sales_dag.py
[2026-02-02T16:23:11.393+0000] {logging_mixin.py:188} INFO - [2026-02-02T16:23:11.392+0000] {dag.py:3089} INFO - Sync 1 DAGs
[2026-02-02T16:23:11.421+0000] {logging_mixin.py:188} INFO - [2026-02-02T16:23:11.420+0000] {dag.py:3947} INFO - Setting next_dagrun for sales_silver_cleaning_pipeline to None, run_after=None
[2026-02-02T16:23:11.497+0000] {processor.py:183} INFO - Processing /opt/airflow/dags/clean_sales_dag.py took 0.232 seconds
[2026-02-02T16:23:42.201+0000] {processor.py:161} INFO - Started process (PID=213) to work on /opt/airflow/dags/clean_sales_dag.py
[2026-02-02T16:23:42.205+0000] {processor.py:830} INFO - Processing file /opt/airflow/dags/clean_sales_dag.py for tasks to queue
[2026-02-02T16:23:42.220+0000] {logging_mixin.py:188} INFO - [2026-02-02T16:23:42.219+0000] {dagbag.py:545} INFO - Filling up the DagBag from /opt/airflow/dags/clean_sales_dag.py
[2026-02-02T16:23:42.275+0000] {processor.py:840} INFO - DAG(s) 'sales_silver_cleaning_pipeline' retrieved from /opt/airflow/dags/clean_sales_dag.py
[2026-02-02T16:23:42.343+0000] {logging_mixin.py:188} INFO - [2026-02-02T16:23:42.342+0000] {dag.py:3089} INFO - Sync 1 DAGs
[2026-02-02T16:23:42.384+0000] {logging_mixin.py:188} INFO - [2026-02-02T16:23:42.383+0000] {dag.py:3947} INFO - Setting next_dagrun for sales_silver_cleaning_pipeline to None, run_after=None
[2026-02-02T16:23:42.430+0000] {processor.py:183} INFO - Processing /opt/airflow/dags/clean_sales_dag.py took 0.257 seconds
[2026-02-02T16:24:12.776+0000] {processor.py:161} INFO - Started process (PID=217) to work on /opt/airflow/dags/clean_sales_dag.py
[2026-02-02T16:24:12.778+0000] {processor.py:830} INFO - Processing file /opt/airflow/dags/clean_sales_dag.py for tasks to queue
[2026-02-02T16:24:12.781+0000] {logging_mixin.py:188} INFO - [2026-02-02T16:24:12.780+0000] {dagbag.py:545} INFO - Filling up the DagBag from /opt/airflow/dags/clean_sales_dag.py
[2026-02-02T16:24:12.826+0000] {processor.py:840} INFO - DAG(s) 'sales_silver_cleaning_pipeline' retrieved from /opt/airflow/dags/clean_sales_dag.py
[2026-02-02T16:24:12.864+0000] {logging_mixin.py:188} INFO - [2026-02-02T16:24:12.864+0000] {dag.py:3089} INFO - Sync 1 DAGs
[2026-02-02T16:24:12.887+0000] {logging_mixin.py:188} INFO - [2026-02-02T16:24:12.887+0000] {dag.py:3947} INFO - Setting next_dagrun for sales_silver_cleaning_pipeline to None, run_after=None
[2026-02-02T16:24:12.947+0000] {processor.py:183} INFO - Processing /opt/airflow/dags/clean_sales_dag.py took 0.183 seconds
[2026-02-02T16:24:43.669+0000] {processor.py:161} INFO - Started process (PID=221) to work on /opt/airflow/dags/clean_sales_dag.py
[2026-02-02T16:24:43.671+0000] {processor.py:830} INFO - Processing file /opt/airflow/dags/clean_sales_dag.py for tasks to queue
[2026-02-02T16:24:43.674+0000] {logging_mixin.py:188} INFO - [2026-02-02T16:24:43.674+0000] {dagbag.py:545} INFO - Filling up the DagBag from /opt/airflow/dags/clean_sales_dag.py
[2026-02-02T16:24:43.739+0000] {processor.py:840} INFO - DAG(s) 'sales_silver_cleaning_pipeline' retrieved from /opt/airflow/dags/clean_sales_dag.py
[2026-02-02T16:24:43.806+0000] {logging_mixin.py:188} INFO - [2026-02-02T16:24:43.805+0000] {dag.py:3089} INFO - Sync 1 DAGs
[2026-02-02T16:24:43.827+0000] {logging_mixin.py:188} INFO - [2026-02-02T16:24:43.827+0000] {dag.py:3947} INFO - Setting next_dagrun for sales_silver_cleaning_pipeline to None, run_after=None
[2026-02-02T16:24:43.879+0000] {processor.py:183} INFO - Processing /opt/airflow/dags/clean_sales_dag.py took 0.223 seconds
[2026-02-02T16:25:14.584+0000] {processor.py:161} INFO - Started process (PID=245) to work on /opt/airflow/dags/clean_sales_dag.py
[2026-02-02T16:25:14.588+0000] {processor.py:830} INFO - Processing file /opt/airflow/dags/clean_sales_dag.py for tasks to queue
[2026-02-02T16:25:14.596+0000] {logging_mixin.py:188} INFO - [2026-02-02T16:25:14.595+0000] {dagbag.py:545} INFO - Filling up the DagBag from /opt/airflow/dags/clean_sales_dag.py
[2026-02-02T16:25:14.654+0000] {processor.py:840} INFO - DAG(s) 'sales_silver_cleaning_pipeline' retrieved from /opt/airflow/dags/clean_sales_dag.py
[2026-02-02T16:25:14.714+0000] {logging_mixin.py:188} INFO - [2026-02-02T16:25:14.714+0000] {dag.py:3089} INFO - Sync 1 DAGs
[2026-02-02T16:25:14.746+0000] {logging_mixin.py:188} INFO - [2026-02-02T16:25:14.745+0000] {dag.py:3947} INFO - Setting next_dagrun for sales_silver_cleaning_pipeline to None, run_after=None
[2026-02-02T16:25:14.805+0000] {processor.py:183} INFO - Processing /opt/airflow/dags/clean_sales_dag.py took 0.249 seconds
[2026-02-02T16:29:03.855+0000] {processor.py:161} INFO - Started process (PID=26) to work on /opt/airflow/dags/clean_sales_dag.py
[2026-02-02T16:29:03.857+0000] {processor.py:830} INFO - Processing file /opt/airflow/dags/clean_sales_dag.py for tasks to queue
[2026-02-02T16:29:03.861+0000] {logging_mixin.py:188} INFO - [2026-02-02T16:29:03.861+0000] {dagbag.py:545} INFO - Filling up the DagBag from /opt/airflow/dags/clean_sales_dag.py
[2026-02-02T16:29:03.912+0000] {processor.py:840} INFO - DAG(s) 'sales_silver_cleaning_pipeline' retrieved from /opt/airflow/dags/clean_sales_dag.py
[2026-02-02T16:29:03.986+0000] {logging_mixin.py:188} INFO - [2026-02-02T16:29:03.986+0000] {dag.py:3089} INFO - Sync 1 DAGs
[2026-02-02T16:29:04.020+0000] {logging_mixin.py:188} INFO - [2026-02-02T16:29:04.020+0000] {dag.py:3947} INFO - Setting next_dagrun for sales_silver_cleaning_pipeline to None, run_after=None
[2026-02-02T16:29:04.067+0000] {processor.py:183} INFO - Processing /opt/airflow/dags/clean_sales_dag.py took 0.274 seconds
[2026-02-02T16:29:34.645+0000] {processor.py:161} INFO - Started process (PID=60) to work on /opt/airflow/dags/clean_sales_dag.py
[2026-02-02T16:29:34.648+0000] {processor.py:830} INFO - Processing file /opt/airflow/dags/clean_sales_dag.py for tasks to queue
[2026-02-02T16:29:34.651+0000] {logging_mixin.py:188} INFO - [2026-02-02T16:29:34.650+0000] {dagbag.py:545} INFO - Filling up the DagBag from /opt/airflow/dags/clean_sales_dag.py
[2026-02-02T16:29:34.708+0000] {processor.py:840} INFO - DAG(s) 'sales_silver_cleaning_pipeline' retrieved from /opt/airflow/dags/clean_sales_dag.py
[2026-02-02T16:29:34.823+0000] {logging_mixin.py:188} INFO - [2026-02-02T16:29:34.823+0000] {dag.py:3089} INFO - Sync 1 DAGs
[2026-02-02T16:29:34.892+0000] {logging_mixin.py:188} INFO - [2026-02-02T16:29:34.892+0000] {dag.py:3947} INFO - Setting next_dagrun for sales_silver_cleaning_pipeline to None, run_after=None
[2026-02-02T16:29:35.023+0000] {processor.py:183} INFO - Processing /opt/airflow/dags/clean_sales_dag.py took 0.388 seconds
[2026-02-02T16:30:06.230+0000] {processor.py:161} INFO - Started process (PID=103) to work on /opt/airflow/dags/clean_sales_dag.py
[2026-02-02T16:30:06.233+0000] {processor.py:830} INFO - Processing file /opt/airflow/dags/clean_sales_dag.py for tasks to queue
[2026-02-02T16:30:06.238+0000] {logging_mixin.py:188} INFO - [2026-02-02T16:30:06.237+0000] {dagbag.py:545} INFO - Filling up the DagBag from /opt/airflow/dags/clean_sales_dag.py
[2026-02-02T16:30:06.291+0000] {processor.py:840} INFO - DAG(s) 'sales_silver_cleaning_pipeline' retrieved from /opt/airflow/dags/clean_sales_dag.py
[2026-02-02T16:30:06.342+0000] {logging_mixin.py:188} INFO - [2026-02-02T16:30:06.342+0000] {dag.py:3089} INFO - Sync 1 DAGs
[2026-02-02T16:30:06.382+0000] {logging_mixin.py:188} INFO - [2026-02-02T16:30:06.382+0000] {dag.py:3947} INFO - Setting next_dagrun for sales_silver_cleaning_pipeline to None, run_after=None
[2026-02-02T16:30:06.438+0000] {processor.py:183} INFO - Processing /opt/airflow/dags/clean_sales_dag.py took 0.221 seconds
[2026-02-02T16:30:36.745+0000] {processor.py:161} INFO - Started process (PID=147) to work on /opt/airflow/dags/clean_sales_dag.py
[2026-02-02T16:30:36.747+0000] {processor.py:830} INFO - Processing file /opt/airflow/dags/clean_sales_dag.py for tasks to queue
[2026-02-02T16:30:36.750+0000] {logging_mixin.py:188} INFO - [2026-02-02T16:30:36.750+0000] {dagbag.py:545} INFO - Filling up the DagBag from /opt/airflow/dags/clean_sales_dag.py
[2026-02-02T16:30:36.792+0000] {processor.py:840} INFO - DAG(s) 'sales_silver_cleaning_pipeline' retrieved from /opt/airflow/dags/clean_sales_dag.py
[2026-02-02T16:30:36.838+0000] {logging_mixin.py:188} INFO - [2026-02-02T16:30:36.837+0000] {dag.py:3089} INFO - Sync 1 DAGs
[2026-02-02T16:30:36.864+0000] {logging_mixin.py:188} INFO - [2026-02-02T16:30:36.864+0000] {dag.py:3947} INFO - Setting next_dagrun for sales_silver_cleaning_pipeline to None, run_after=None
[2026-02-02T16:30:36.945+0000] {processor.py:183} INFO - Processing /opt/airflow/dags/clean_sales_dag.py took 0.210 seconds
[2026-02-02T16:31:07.624+0000] {processor.py:161} INFO - Started process (PID=151) to work on /opt/airflow/dags/clean_sales_dag.py
[2026-02-02T16:31:07.628+0000] {processor.py:830} INFO - Processing file /opt/airflow/dags/clean_sales_dag.py for tasks to queue
[2026-02-02T16:31:07.633+0000] {logging_mixin.py:188} INFO - [2026-02-02T16:31:07.632+0000] {dagbag.py:545} INFO - Filling up the DagBag from /opt/airflow/dags/clean_sales_dag.py
[2026-02-02T16:31:07.706+0000] {processor.py:840} INFO - DAG(s) 'sales_silver_cleaning_pipeline' retrieved from /opt/airflow/dags/clean_sales_dag.py
[2026-02-02T16:31:07.782+0000] {logging_mixin.py:188} INFO - [2026-02-02T16:31:07.782+0000] {dag.py:3089} INFO - Sync 1 DAGs
[2026-02-02T16:31:07.821+0000] {logging_mixin.py:188} INFO - [2026-02-02T16:31:07.821+0000] {dag.py:3947} INFO - Setting next_dagrun for sales_silver_cleaning_pipeline to None, run_after=None
[2026-02-02T16:31:07.918+0000] {processor.py:183} INFO - Processing /opt/airflow/dags/clean_sales_dag.py took 0.313 seconds
[2026-02-02T16:31:38.763+0000] {processor.py:161} INFO - Started process (PID=155) to work on /opt/airflow/dags/clean_sales_dag.py
[2026-02-02T16:31:38.766+0000] {processor.py:830} INFO - Processing file /opt/airflow/dags/clean_sales_dag.py for tasks to queue
[2026-02-02T16:31:38.772+0000] {logging_mixin.py:188} INFO - [2026-02-02T16:31:38.771+0000] {dagbag.py:545} INFO - Filling up the DagBag from /opt/airflow/dags/clean_sales_dag.py
[2026-02-02T16:31:38.835+0000] {processor.py:840} INFO - DAG(s) 'sales_silver_cleaning_pipeline' retrieved from /opt/airflow/dags/clean_sales_dag.py
[2026-02-02T16:31:38.883+0000] {logging_mixin.py:188} INFO - [2026-02-02T16:31:38.883+0000] {dag.py:3089} INFO - Sync 1 DAGs
[2026-02-02T16:31:38.916+0000] {logging_mixin.py:188} INFO - [2026-02-02T16:31:38.916+0000] {dag.py:3947} INFO - Setting next_dagrun for sales_silver_cleaning_pipeline to None, run_after=None
[2026-02-02T16:31:39.011+0000] {processor.py:183} INFO - Processing /opt/airflow/dags/clean_sales_dag.py took 0.267 seconds
[2026-02-02T16:36:16.034+0000] {processor.py:161} INFO - Started process (PID=26) to work on /opt/airflow/dags/clean_sales_dag.py
[2026-02-02T16:36:16.037+0000] {processor.py:830} INFO - Processing file /opt/airflow/dags/clean_sales_dag.py for tasks to queue
[2026-02-02T16:36:16.042+0000] {logging_mixin.py:188} INFO - [2026-02-02T16:36:16.041+0000] {dagbag.py:545} INFO - Filling up the DagBag from /opt/airflow/dags/clean_sales_dag.py
[2026-02-02T16:36:16.099+0000] {processor.py:840} INFO - DAG(s) 'sales_silver_cleaning_pipeline' retrieved from /opt/airflow/dags/clean_sales_dag.py
[2026-02-02T16:36:16.226+0000] {logging_mixin.py:188} INFO - [2026-02-02T16:36:16.225+0000] {dag.py:3089} INFO - Sync 1 DAGs
[2026-02-02T16:36:16.276+0000] {logging_mixin.py:188} INFO - [2026-02-02T16:36:16.275+0000] {dag.py:3947} INFO - Setting next_dagrun for sales_silver_cleaning_pipeline to None, run_after=None
[2026-02-02T16:36:16.323+0000] {processor.py:183} INFO - Processing /opt/airflow/dags/clean_sales_dag.py took 0.312 seconds
[2026-02-02T16:36:46.902+0000] {processor.py:161} INFO - Started process (PID=69) to work on /opt/airflow/dags/clean_sales_dag.py
[2026-02-02T16:36:46.906+0000] {processor.py:830} INFO - Processing file /opt/airflow/dags/clean_sales_dag.py for tasks to queue
[2026-02-02T16:36:46.912+0000] {logging_mixin.py:188} INFO - [2026-02-02T16:36:46.912+0000] {dagbag.py:545} INFO - Filling up the DagBag from /opt/airflow/dags/clean_sales_dag.py
[2026-02-02T16:36:46.981+0000] {processor.py:840} INFO - DAG(s) 'sales_silver_cleaning_pipeline' retrieved from /opt/airflow/dags/clean_sales_dag.py
[2026-02-02T16:36:47.061+0000] {logging_mixin.py:188} INFO - [2026-02-02T16:36:47.061+0000] {dag.py:3089} INFO - Sync 1 DAGs
[2026-02-02T16:36:47.105+0000] {logging_mixin.py:188} INFO - [2026-02-02T16:36:47.104+0000] {dag.py:3947} INFO - Setting next_dagrun for sales_silver_cleaning_pipeline to None, run_after=None
[2026-02-02T16:36:47.222+0000] {processor.py:183} INFO - Processing /opt/airflow/dags/clean_sales_dag.py took 0.341 seconds
[2026-02-02T16:37:17.626+0000] {processor.py:161} INFO - Started process (PID=103) to work on /opt/airflow/dags/clean_sales_dag.py
[2026-02-02T16:37:17.628+0000] {processor.py:830} INFO - Processing file /opt/airflow/dags/clean_sales_dag.py for tasks to queue
[2026-02-02T16:37:17.631+0000] {logging_mixin.py:188} INFO - [2026-02-02T16:37:17.631+0000] {dagbag.py:545} INFO - Filling up the DagBag from /opt/airflow/dags/clean_sales_dag.py
[2026-02-02T16:37:17.689+0000] {processor.py:840} INFO - DAG(s) 'sales_silver_cleaning_pipeline' retrieved from /opt/airflow/dags/clean_sales_dag.py
[2026-02-02T16:37:17.728+0000] {logging_mixin.py:188} INFO - [2026-02-02T16:37:17.728+0000] {dag.py:3089} INFO - Sync 1 DAGs
[2026-02-02T16:37:17.755+0000] {logging_mixin.py:188} INFO - [2026-02-02T16:37:17.754+0000] {dag.py:3947} INFO - Setting next_dagrun for sales_silver_cleaning_pipeline to None, run_after=None
[2026-02-02T16:37:17.834+0000] {processor.py:183} INFO - Processing /opt/airflow/dags/clean_sales_dag.py took 0.217 seconds
[2026-02-02T16:37:48.216+0000] {processor.py:161} INFO - Started process (PID=107) to work on /opt/airflow/dags/clean_sales_dag.py
[2026-02-02T16:37:48.218+0000] {processor.py:830} INFO - Processing file /opt/airflow/dags/clean_sales_dag.py for tasks to queue
[2026-02-02T16:37:48.221+0000] {logging_mixin.py:188} INFO - [2026-02-02T16:37:48.221+0000] {dagbag.py:545} INFO - Filling up the DagBag from /opt/airflow/dags/clean_sales_dag.py
[2026-02-02T16:37:48.274+0000] {processor.py:840} INFO - DAG(s) 'sales_silver_cleaning_pipeline' retrieved from /opt/airflow/dags/clean_sales_dag.py
[2026-02-02T16:37:48.341+0000] {logging_mixin.py:188} INFO - [2026-02-02T16:37:48.341+0000] {dag.py:3089} INFO - Sync 1 DAGs
[2026-02-02T16:37:48.363+0000] {logging_mixin.py:188} INFO - [2026-02-02T16:37:48.362+0000] {dag.py:3947} INFO - Setting next_dagrun for sales_silver_cleaning_pipeline to None, run_after=None
[2026-02-02T16:37:48.440+0000] {processor.py:183} INFO - Processing /opt/airflow/dags/clean_sales_dag.py took 0.240 seconds
[2026-02-02T16:38:19.171+0000] {processor.py:161} INFO - Started process (PID=111) to work on /opt/airflow/dags/clean_sales_dag.py
[2026-02-02T16:38:19.173+0000] {processor.py:830} INFO - Processing file /opt/airflow/dags/clean_sales_dag.py for tasks to queue
[2026-02-02T16:38:19.178+0000] {logging_mixin.py:188} INFO - [2026-02-02T16:38:19.177+0000] {dagbag.py:545} INFO - Filling up the DagBag from /opt/airflow/dags/clean_sales_dag.py
[2026-02-02T16:38:19.262+0000] {processor.py:840} INFO - DAG(s) 'sales_silver_cleaning_pipeline' retrieved from /opt/airflow/dags/clean_sales_dag.py
[2026-02-02T16:38:19.333+0000] {logging_mixin.py:188} INFO - [2026-02-02T16:38:19.333+0000] {dag.py:3089} INFO - Sync 1 DAGs
[2026-02-02T16:38:19.374+0000] {logging_mixin.py:188} INFO - [2026-02-02T16:38:19.373+0000] {dag.py:3947} INFO - Setting next_dagrun for sales_silver_cleaning_pipeline to None, run_after=None
[2026-02-02T16:38:19.418+0000] {processor.py:183} INFO - Processing /opt/airflow/dags/clean_sales_dag.py took 0.265 seconds
[2026-02-02T16:38:49.897+0000] {processor.py:161} INFO - Started process (PID=115) to work on /opt/airflow/dags/clean_sales_dag.py
[2026-02-02T16:38:49.900+0000] {processor.py:830} INFO - Processing file /opt/airflow/dags/clean_sales_dag.py for tasks to queue
[2026-02-02T16:38:49.906+0000] {logging_mixin.py:188} INFO - [2026-02-02T16:38:49.905+0000] {dagbag.py:545} INFO - Filling up the DagBag from /opt/airflow/dags/clean_sales_dag.py
[2026-02-02T16:38:49.990+0000] {processor.py:840} INFO - DAG(s) 'sales_silver_cleaning_pipeline' retrieved from /opt/airflow/dags/clean_sales_dag.py
[2026-02-02T16:38:50.084+0000] {logging_mixin.py:188} INFO - [2026-02-02T16:38:50.083+0000] {dag.py:3089} INFO - Sync 1 DAGs
[2026-02-02T16:38:50.137+0000] {logging_mixin.py:188} INFO - [2026-02-02T16:38:50.137+0000] {dag.py:3947} INFO - Setting next_dagrun for sales_silver_cleaning_pipeline to None, run_after=None
[2026-02-02T16:38:50.239+0000] {processor.py:183} INFO - Processing /opt/airflow/dags/clean_sales_dag.py took 0.359 seconds
[2026-02-02T16:39:20.677+0000] {processor.py:161} INFO - Started process (PID=119) to work on /opt/airflow/dags/clean_sales_dag.py
[2026-02-02T16:39:20.679+0000] {processor.py:830} INFO - Processing file /opt/airflow/dags/clean_sales_dag.py for tasks to queue
[2026-02-02T16:39:20.683+0000] {logging_mixin.py:188} INFO - [2026-02-02T16:39:20.682+0000] {dagbag.py:545} INFO - Filling up the DagBag from /opt/airflow/dags/clean_sales_dag.py
[2026-02-02T16:39:20.739+0000] {processor.py:840} INFO - DAG(s) 'sales_silver_cleaning_pipeline' retrieved from /opt/airflow/dags/clean_sales_dag.py
[2026-02-02T16:39:20.815+0000] {logging_mixin.py:188} INFO - [2026-02-02T16:39:20.815+0000] {dag.py:3089} INFO - Sync 1 DAGs
[2026-02-02T16:39:20.866+0000] {logging_mixin.py:188} INFO - [2026-02-02T16:39:20.865+0000] {dag.py:3947} INFO - Setting next_dagrun for sales_silver_cleaning_pipeline to None, run_after=None
[2026-02-02T16:39:20.948+0000] {processor.py:183} INFO - Processing /opt/airflow/dags/clean_sales_dag.py took 0.282 seconds
[2026-02-02T16:42:58.934+0000] {processor.py:161} INFO - Started process (PID=26) to work on /opt/airflow/dags/clean_sales_dag.py
[2026-02-02T16:42:58.936+0000] {processor.py:830} INFO - Processing file /opt/airflow/dags/clean_sales_dag.py for tasks to queue
[2026-02-02T16:42:58.941+0000] {logging_mixin.py:188} INFO - [2026-02-02T16:42:58.940+0000] {dagbag.py:545} INFO - Filling up the DagBag from /opt/airflow/dags/clean_sales_dag.py
[2026-02-02T16:42:59.004+0000] {processor.py:840} INFO - DAG(s) 'sales_silver_cleaning_pipeline' retrieved from /opt/airflow/dags/clean_sales_dag.py
[2026-02-02T16:42:59.101+0000] {logging_mixin.py:188} INFO - [2026-02-02T16:42:59.101+0000] {dag.py:3089} INFO - Sync 1 DAGs
[2026-02-02T16:42:59.132+0000] {logging_mixin.py:188} INFO - [2026-02-02T16:42:59.132+0000] {dag.py:3947} INFO - Setting next_dagrun for sales_silver_cleaning_pipeline to None, run_after=None
[2026-02-02T16:42:59.178+0000] {processor.py:183} INFO - Processing /opt/airflow/dags/clean_sales_dag.py took 0.262 seconds
[2026-02-02T16:43:29.778+0000] {processor.py:161} INFO - Started process (PID=60) to work on /opt/airflow/dags/clean_sales_dag.py
[2026-02-02T16:43:29.780+0000] {processor.py:830} INFO - Processing file /opt/airflow/dags/clean_sales_dag.py for tasks to queue
[2026-02-02T16:43:29.783+0000] {logging_mixin.py:188} INFO - [2026-02-02T16:43:29.782+0000] {dagbag.py:545} INFO - Filling up the DagBag from /opt/airflow/dags/clean_sales_dag.py
[2026-02-02T16:43:29.824+0000] {processor.py:840} INFO - DAG(s) 'sales_silver_cleaning_pipeline' retrieved from /opt/airflow/dags/clean_sales_dag.py
[2026-02-02T16:43:29.875+0000] {logging_mixin.py:188} INFO - [2026-02-02T16:43:29.874+0000] {dag.py:3089} INFO - Sync 1 DAGs
[2026-02-02T16:43:29.902+0000] {logging_mixin.py:188} INFO - [2026-02-02T16:43:29.902+0000] {dag.py:3947} INFO - Setting next_dagrun for sales_silver_cleaning_pipeline to None, run_after=None
[2026-02-02T16:43:29.939+0000] {processor.py:183} INFO - Processing /opt/airflow/dags/clean_sales_dag.py took 0.170 seconds
[2026-02-02T16:44:00.266+0000] {processor.py:161} INFO - Started process (PID=93) to work on /opt/airflow/dags/clean_sales_dag.py
[2026-02-02T16:44:00.268+0000] {processor.py:830} INFO - Processing file /opt/airflow/dags/clean_sales_dag.py for tasks to queue
[2026-02-02T16:44:00.271+0000] {logging_mixin.py:188} INFO - [2026-02-02T16:44:00.270+0000] {dagbag.py:545} INFO - Filling up the DagBag from /opt/airflow/dags/clean_sales_dag.py
[2026-02-02T16:44:00.320+0000] {processor.py:840} INFO - DAG(s) 'sales_silver_cleaning_pipeline' retrieved from /opt/airflow/dags/clean_sales_dag.py
[2026-02-02T16:44:00.382+0000] {logging_mixin.py:188} INFO - [2026-02-02T16:44:00.382+0000] {dag.py:3089} INFO - Sync 1 DAGs
[2026-02-02T16:44:00.449+0000] {logging_mixin.py:188} INFO - [2026-02-02T16:44:00.448+0000] {dag.py:3947} INFO - Setting next_dagrun for sales_silver_cleaning_pipeline to None, run_after=None
[2026-02-02T16:44:00.507+0000] {processor.py:183} INFO - Processing /opt/airflow/dags/clean_sales_dag.py took 0.250 seconds
[2026-02-02T16:44:30.980+0000] {processor.py:161} INFO - Started process (PID=97) to work on /opt/airflow/dags/clean_sales_dag.py
[2026-02-02T16:44:30.981+0000] {processor.py:830} INFO - Processing file /opt/airflow/dags/clean_sales_dag.py for tasks to queue
[2026-02-02T16:44:30.985+0000] {logging_mixin.py:188} INFO - [2026-02-02T16:44:30.985+0000] {dagbag.py:545} INFO - Filling up the DagBag from /opt/airflow/dags/clean_sales_dag.py
[2026-02-02T16:44:31.036+0000] {processor.py:840} INFO - DAG(s) 'sales_silver_cleaning_pipeline' retrieved from /opt/airflow/dags/clean_sales_dag.py
[2026-02-02T16:44:31.080+0000] {logging_mixin.py:188} INFO - [2026-02-02T16:44:31.080+0000] {dag.py:3089} INFO - Sync 1 DAGs
[2026-02-02T16:44:31.103+0000] {logging_mixin.py:188} INFO - [2026-02-02T16:44:31.103+0000] {dag.py:3947} INFO - Setting next_dagrun for sales_silver_cleaning_pipeline to None, run_after=None
[2026-02-02T16:44:31.151+0000] {processor.py:183} INFO - Processing /opt/airflow/dags/clean_sales_dag.py took 0.181 seconds
[2026-02-02T16:45:01.767+0000] {processor.py:161} INFO - Started process (PID=102) to work on /opt/airflow/dags/clean_sales_dag.py
[2026-02-02T16:45:01.770+0000] {processor.py:830} INFO - Processing file /opt/airflow/dags/clean_sales_dag.py for tasks to queue
[2026-02-02T16:45:01.774+0000] {logging_mixin.py:188} INFO - [2026-02-02T16:45:01.773+0000] {dagbag.py:545} INFO - Filling up the DagBag from /opt/airflow/dags/clean_sales_dag.py
[2026-02-02T16:45:01.828+0000] {processor.py:840} INFO - DAG(s) 'sales_silver_cleaning_pipeline' retrieved from /opt/airflow/dags/clean_sales_dag.py
[2026-02-02T16:45:01.876+0000] {logging_mixin.py:188} INFO - [2026-02-02T16:45:01.875+0000] {dag.py:3089} INFO - Sync 1 DAGs
[2026-02-02T16:45:01.904+0000] {logging_mixin.py:188} INFO - [2026-02-02T16:45:01.904+0000] {dag.py:3947} INFO - Setting next_dagrun for sales_silver_cleaning_pipeline to None, run_after=None
[2026-02-02T16:45:01.936+0000] {processor.py:183} INFO - Processing /opt/airflow/dags/clean_sales_dag.py took 0.179 seconds
[2026-02-02T16:45:32.388+0000] {processor.py:161} INFO - Started process (PID=145) to work on /opt/airflow/dags/clean_sales_dag.py
[2026-02-02T16:45:32.391+0000] {processor.py:830} INFO - Processing file /opt/airflow/dags/clean_sales_dag.py for tasks to queue
[2026-02-02T16:45:32.394+0000] {logging_mixin.py:188} INFO - [2026-02-02T16:45:32.393+0000] {dagbag.py:545} INFO - Filling up the DagBag from /opt/airflow/dags/clean_sales_dag.py
[2026-02-02T16:45:32.442+0000] {processor.py:840} INFO - DAG(s) 'sales_silver_cleaning_pipeline' retrieved from /opt/airflow/dags/clean_sales_dag.py
[2026-02-02T16:45:32.491+0000] {logging_mixin.py:188} INFO - [2026-02-02T16:45:32.490+0000] {dag.py:3089} INFO - Sync 1 DAGs
[2026-02-02T16:45:32.515+0000] {logging_mixin.py:188} INFO - [2026-02-02T16:45:32.515+0000] {dag.py:3947} INFO - Setting next_dagrun for sales_silver_cleaning_pipeline to None, run_after=None
[2026-02-02T16:45:32.590+0000] {processor.py:183} INFO - Processing /opt/airflow/dags/clean_sales_dag.py took 0.216 seconds
[2026-02-02T16:46:03.293+0000] {processor.py:161} INFO - Started process (PID=159) to work on /opt/airflow/dags/clean_sales_dag.py
[2026-02-02T16:46:03.296+0000] {processor.py:830} INFO - Processing file /opt/airflow/dags/clean_sales_dag.py for tasks to queue
[2026-02-02T16:46:03.301+0000] {logging_mixin.py:188} INFO - [2026-02-02T16:46:03.300+0000] {dagbag.py:545} INFO - Filling up the DagBag from /opt/airflow/dags/clean_sales_dag.py
[2026-02-02T16:46:03.390+0000] {processor.py:840} INFO - DAG(s) 'sales_silver_cleaning_pipeline' retrieved from /opt/airflow/dags/clean_sales_dag.py
[2026-02-02T16:46:03.476+0000] {logging_mixin.py:188} INFO - [2026-02-02T16:46:03.476+0000] {dag.py:3089} INFO - Sync 1 DAGs
[2026-02-02T16:46:03.514+0000] {logging_mixin.py:188} INFO - [2026-02-02T16:46:03.514+0000] {dag.py:3947} INFO - Setting next_dagrun for sales_silver_cleaning_pipeline to None, run_after=None
[2026-02-02T16:46:03.562+0000] {processor.py:183} INFO - Processing /opt/airflow/dags/clean_sales_dag.py took 0.290 seconds
[2026-02-02T18:51:35.832+0000] {processor.py:161} INFO - Started process (PID=26) to work on /opt/airflow/dags/clean_sales_dag.py
[2026-02-02T18:51:35.873+0000] {processor.py:830} INFO - Processing file /opt/airflow/dags/clean_sales_dag.py for tasks to queue
[2026-02-02T18:51:35.876+0000] {logging_mixin.py:188} INFO - [2026-02-02T18:51:35.875+0000] {dagbag.py:545} INFO - Filling up the DagBag from /opt/airflow/dags/clean_sales_dag.py
[2026-02-02T18:51:35.925+0000] {processor.py:840} INFO - DAG(s) 'sales_silver_cleaning_pipeline' retrieved from /opt/airflow/dags/clean_sales_dag.py
[2026-02-02T18:51:36.093+0000] {logging_mixin.py:188} INFO - [2026-02-02T18:51:36.093+0000] {dag.py:3089} INFO - Sync 1 DAGs
[2026-02-02T18:51:36.127+0000] {logging_mixin.py:188} INFO - [2026-02-02T18:51:36.126+0000] {dag.py:3947} INFO - Setting next_dagrun for sales_silver_cleaning_pipeline to None, run_after=None
[2026-02-02T18:51:36.174+0000] {processor.py:183} INFO - Processing /opt/airflow/dags/clean_sales_dag.py took 0.354 seconds
[2026-02-02T18:52:06.792+0000] {processor.py:161} INFO - Started process (PID=60) to work on /opt/airflow/dags/clean_sales_dag.py
[2026-02-02T18:52:06.795+0000] {processor.py:830} INFO - Processing file /opt/airflow/dags/clean_sales_dag.py for tasks to queue
[2026-02-02T18:52:06.802+0000] {logging_mixin.py:188} INFO - [2026-02-02T18:52:06.800+0000] {dagbag.py:545} INFO - Filling up the DagBag from /opt/airflow/dags/clean_sales_dag.py
[2026-02-02T18:52:06.854+0000] {processor.py:840} INFO - DAG(s) 'sales_silver_cleaning_pipeline' retrieved from /opt/airflow/dags/clean_sales_dag.py
[2026-02-02T18:52:06.903+0000] {logging_mixin.py:188} INFO - [2026-02-02T18:52:06.903+0000] {dag.py:3089} INFO - Sync 1 DAGs
[2026-02-02T18:52:06.927+0000] {logging_mixin.py:188} INFO - [2026-02-02T18:52:06.927+0000] {dag.py:3947} INFO - Setting next_dagrun for sales_silver_cleaning_pipeline to None, run_after=None
[2026-02-02T18:52:06.993+0000] {processor.py:183} INFO - Processing /opt/airflow/dags/clean_sales_dag.py took 0.224 seconds
[2026-02-02T18:52:37.704+0000] {processor.py:161} INFO - Started process (PID=64) to work on /opt/airflow/dags/clean_sales_dag.py
[2026-02-02T18:52:37.706+0000] {processor.py:830} INFO - Processing file /opt/airflow/dags/clean_sales_dag.py for tasks to queue
[2026-02-02T18:52:37.709+0000] {logging_mixin.py:188} INFO - [2026-02-02T18:52:37.709+0000] {dagbag.py:545} INFO - Filling up the DagBag from /opt/airflow/dags/clean_sales_dag.py
[2026-02-02T18:52:37.762+0000] {processor.py:840} INFO - DAG(s) 'sales_silver_cleaning_pipeline' retrieved from /opt/airflow/dags/clean_sales_dag.py
[2026-02-02T18:52:37.810+0000] {logging_mixin.py:188} INFO - [2026-02-02T18:52:37.809+0000] {dag.py:3089} INFO - Sync 1 DAGs
[2026-02-02T18:52:37.838+0000] {logging_mixin.py:188} INFO - [2026-02-02T18:52:37.837+0000] {dag.py:3947} INFO - Setting next_dagrun for sales_silver_cleaning_pipeline to None, run_after=None
[2026-02-02T18:52:37.930+0000] {processor.py:183} INFO - Processing /opt/airflow/dags/clean_sales_dag.py took 0.238 seconds
[2026-02-02T18:53:08.653+0000] {processor.py:161} INFO - Started process (PID=68) to work on /opt/airflow/dags/clean_sales_dag.py
[2026-02-02T18:53:08.655+0000] {processor.py:830} INFO - Processing file /opt/airflow/dags/clean_sales_dag.py for tasks to queue
[2026-02-02T18:53:08.660+0000] {logging_mixin.py:188} INFO - [2026-02-02T18:53:08.659+0000] {dagbag.py:545} INFO - Filling up the DagBag from /opt/airflow/dags/clean_sales_dag.py
[2026-02-02T18:53:08.710+0000] {processor.py:840} INFO - DAG(s) 'sales_silver_cleaning_pipeline' retrieved from /opt/airflow/dags/clean_sales_dag.py
[2026-02-02T18:53:08.755+0000] {logging_mixin.py:188} INFO - [2026-02-02T18:53:08.755+0000] {dag.py:3089} INFO - Sync 1 DAGs
[2026-02-02T18:53:08.780+0000] {logging_mixin.py:188} INFO - [2026-02-02T18:53:08.780+0000] {dag.py:3947} INFO - Setting next_dagrun for sales_silver_cleaning_pipeline to None, run_after=None
[2026-02-02T18:53:08.815+0000] {processor.py:183} INFO - Processing /opt/airflow/dags/clean_sales_dag.py took 0.183 seconds
[2026-02-02T18:53:39.300+0000] {processor.py:161} INFO - Started process (PID=72) to work on /opt/airflow/dags/clean_sales_dag.py
[2026-02-02T18:53:39.303+0000] {processor.py:830} INFO - Processing file /opt/airflow/dags/clean_sales_dag.py for tasks to queue
[2026-02-02T18:53:39.316+0000] {logging_mixin.py:188} INFO - [2026-02-02T18:53:39.314+0000] {dagbag.py:545} INFO - Filling up the DagBag from /opt/airflow/dags/clean_sales_dag.py
[2026-02-02T18:53:39.367+0000] {processor.py:840} INFO - DAG(s) 'sales_silver_cleaning_pipeline' retrieved from /opt/airflow/dags/clean_sales_dag.py
[2026-02-02T18:53:39.423+0000] {logging_mixin.py:188} INFO - [2026-02-02T18:53:39.423+0000] {dag.py:3089} INFO - Sync 1 DAGs
[2026-02-02T18:53:39.448+0000] {logging_mixin.py:188} INFO - [2026-02-02T18:53:39.448+0000] {dag.py:3947} INFO - Setting next_dagrun for sales_silver_cleaning_pipeline to None, run_after=None
[2026-02-02T18:53:39.497+0000] {processor.py:183} INFO - Processing /opt/airflow/dags/clean_sales_dag.py took 0.217 seconds
[2026-02-02T18:54:10.278+0000] {processor.py:161} INFO - Started process (PID=76) to work on /opt/airflow/dags/clean_sales_dag.py
[2026-02-02T18:54:10.280+0000] {processor.py:830} INFO - Processing file /opt/airflow/dags/clean_sales_dag.py for tasks to queue
[2026-02-02T18:54:10.286+0000] {logging_mixin.py:188} INFO - [2026-02-02T18:54:10.285+0000] {dagbag.py:545} INFO - Filling up the DagBag from /opt/airflow/dags/clean_sales_dag.py
[2026-02-02T18:54:10.364+0000] {processor.py:840} INFO - DAG(s) 'sales_silver_cleaning_pipeline' retrieved from /opt/airflow/dags/clean_sales_dag.py
[2026-02-02T18:54:10.428+0000] {logging_mixin.py:188} INFO - [2026-02-02T18:54:10.427+0000] {dag.py:3089} INFO - Sync 1 DAGs
[2026-02-02T18:54:10.460+0000] {logging_mixin.py:188} INFO - [2026-02-02T18:54:10.460+0000] {dag.py:3947} INFO - Setting next_dagrun for sales_silver_cleaning_pipeline to None, run_after=None
[2026-02-02T18:54:10.510+0000] {processor.py:183} INFO - Processing /opt/airflow/dags/clean_sales_dag.py took 0.251 seconds
[2026-02-02T18:54:41.157+0000] {processor.py:161} INFO - Started process (PID=90) to work on /opt/airflow/dags/clean_sales_dag.py
[2026-02-02T18:54:41.160+0000] {processor.py:830} INFO - Processing file /opt/airflow/dags/clean_sales_dag.py for tasks to queue
[2026-02-02T18:54:41.164+0000] {logging_mixin.py:188} INFO - [2026-02-02T18:54:41.163+0000] {dagbag.py:545} INFO - Filling up the DagBag from /opt/airflow/dags/clean_sales_dag.py
[2026-02-02T18:54:41.207+0000] {processor.py:840} INFO - DAG(s) 'sales_silver_cleaning_pipeline' retrieved from /opt/airflow/dags/clean_sales_dag.py
[2026-02-02T18:54:41.255+0000] {logging_mixin.py:188} INFO - [2026-02-02T18:54:41.255+0000] {dag.py:3089} INFO - Sync 1 DAGs
[2026-02-02T18:54:41.283+0000] {logging_mixin.py:188} INFO - [2026-02-02T18:54:41.283+0000] {dag.py:3947} INFO - Setting next_dagrun for sales_silver_cleaning_pipeline to None, run_after=None
[2026-02-02T18:54:41.364+0000] {processor.py:183} INFO - Processing /opt/airflow/dags/clean_sales_dag.py took 0.222 seconds
[2026-02-02T18:55:11.765+0000] {processor.py:161} INFO - Started process (PID=126) to work on /opt/airflow/dags/clean_sales_dag.py
[2026-02-02T18:55:11.768+0000] {processor.py:830} INFO - Processing file /opt/airflow/dags/clean_sales_dag.py for tasks to queue
[2026-02-02T18:55:11.793+0000] {logging_mixin.py:188} INFO - [2026-02-02T18:55:11.776+0000] {dagbag.py:545} INFO - Filling up the DagBag from /opt/airflow/dags/clean_sales_dag.py
[2026-02-02T18:55:11.869+0000] {processor.py:840} INFO - DAG(s) 'sales_silver_cleaning_pipeline' retrieved from /opt/airflow/dags/clean_sales_dag.py
[2026-02-02T18:55:11.931+0000] {logging_mixin.py:188} INFO - [2026-02-02T18:55:11.931+0000] {dag.py:3089} INFO - Sync 1 DAGs
[2026-02-02T18:55:11.958+0000] {logging_mixin.py:188} INFO - [2026-02-02T18:55:11.957+0000] {dag.py:3947} INFO - Setting next_dagrun for sales_silver_cleaning_pipeline to None, run_after=None
[2026-02-02T18:55:12.034+0000] {processor.py:183} INFO - Processing /opt/airflow/dags/clean_sales_dag.py took 0.292 seconds
[2026-02-02T18:55:42.415+0000] {processor.py:161} INFO - Started process (PID=176) to work on /opt/airflow/dags/clean_sales_dag.py
[2026-02-02T18:55:42.418+0000] {processor.py:830} INFO - Processing file /opt/airflow/dags/clean_sales_dag.py for tasks to queue
[2026-02-02T18:55:42.427+0000] {logging_mixin.py:188} INFO - [2026-02-02T18:55:42.426+0000] {dagbag.py:545} INFO - Filling up the DagBag from /opt/airflow/dags/clean_sales_dag.py
[2026-02-02T18:55:42.483+0000] {processor.py:840} INFO - DAG(s) 'sales_silver_cleaning_pipeline' retrieved from /opt/airflow/dags/clean_sales_dag.py
[2026-02-02T18:55:42.532+0000] {logging_mixin.py:188} INFO - [2026-02-02T18:55:42.531+0000] {dag.py:3089} INFO - Sync 1 DAGs
[2026-02-02T18:55:42.557+0000] {logging_mixin.py:188} INFO - [2026-02-02T18:55:42.556+0000] {dag.py:3947} INFO - Setting next_dagrun for sales_silver_cleaning_pipeline to None, run_after=None
[2026-02-02T18:55:42.593+0000] {processor.py:183} INFO - Processing /opt/airflow/dags/clean_sales_dag.py took 0.211 seconds
[2026-02-02T18:56:13.103+0000] {processor.py:161} INFO - Started process (PID=211) to work on /opt/airflow/dags/clean_sales_dag.py
[2026-02-02T18:56:13.106+0000] {processor.py:830} INFO - Processing file /opt/airflow/dags/clean_sales_dag.py for tasks to queue
[2026-02-02T18:56:13.110+0000] {logging_mixin.py:188} INFO - [2026-02-02T18:56:13.109+0000] {dagbag.py:545} INFO - Filling up the DagBag from /opt/airflow/dags/clean_sales_dag.py
[2026-02-02T18:56:13.160+0000] {processor.py:840} INFO - DAG(s) 'sales_silver_cleaning_pipeline' retrieved from /opt/airflow/dags/clean_sales_dag.py
[2026-02-02T18:56:13.197+0000] {logging_mixin.py:188} INFO - [2026-02-02T18:56:13.197+0000] {dag.py:3089} INFO - Sync 1 DAGs
[2026-02-02T18:56:13.219+0000] {logging_mixin.py:188} INFO - [2026-02-02T18:56:13.219+0000] {dag.py:3947} INFO - Setting next_dagrun for sales_silver_cleaning_pipeline to None, run_after=None
[2026-02-02T18:56:13.303+0000] {processor.py:183} INFO - Processing /opt/airflow/dags/clean_sales_dag.py took 0.208 seconds
[2026-02-02T18:56:43.591+0000] {processor.py:161} INFO - Started process (PID=215) to work on /opt/airflow/dags/clean_sales_dag.py
[2026-02-02T18:56:43.593+0000] {processor.py:830} INFO - Processing file /opt/airflow/dags/clean_sales_dag.py for tasks to queue
[2026-02-02T18:56:43.596+0000] {logging_mixin.py:188} INFO - [2026-02-02T18:56:43.595+0000] {dagbag.py:545} INFO - Filling up the DagBag from /opt/airflow/dags/clean_sales_dag.py
[2026-02-02T18:56:43.651+0000] {processor.py:840} INFO - DAG(s) 'sales_silver_cleaning_pipeline' retrieved from /opt/airflow/dags/clean_sales_dag.py
[2026-02-02T18:56:43.700+0000] {logging_mixin.py:188} INFO - [2026-02-02T18:56:43.700+0000] {dag.py:3089} INFO - Sync 1 DAGs
[2026-02-02T18:56:43.726+0000] {logging_mixin.py:188} INFO - [2026-02-02T18:56:43.725+0000] {dag.py:3947} INFO - Setting next_dagrun for sales_silver_cleaning_pipeline to None, run_after=None
[2026-02-02T18:56:43.765+0000] {processor.py:183} INFO - Processing /opt/airflow/dags/clean_sales_dag.py took 0.186 seconds
[2026-02-02T18:57:14.051+0000] {processor.py:161} INFO - Started process (PID=219) to work on /opt/airflow/dags/clean_sales_dag.py
[2026-02-02T18:57:14.053+0000] {processor.py:830} INFO - Processing file /opt/airflow/dags/clean_sales_dag.py for tasks to queue
[2026-02-02T18:57:14.056+0000] {logging_mixin.py:188} INFO - [2026-02-02T18:57:14.056+0000] {dagbag.py:545} INFO - Filling up the DagBag from /opt/airflow/dags/clean_sales_dag.py
[2026-02-02T18:57:14.117+0000] {processor.py:840} INFO - DAG(s) 'sales_silver_cleaning_pipeline' retrieved from /opt/airflow/dags/clean_sales_dag.py
[2026-02-02T18:57:14.165+0000] {logging_mixin.py:188} INFO - [2026-02-02T18:57:14.164+0000] {dag.py:3089} INFO - Sync 1 DAGs
[2026-02-02T18:57:14.196+0000] {logging_mixin.py:188} INFO - [2026-02-02T18:57:14.195+0000] {dag.py:3947} INFO - Setting next_dagrun for sales_silver_cleaning_pipeline to None, run_after=None
[2026-02-02T18:57:14.295+0000] {processor.py:183} INFO - Processing /opt/airflow/dags/clean_sales_dag.py took 0.262 seconds
[2026-02-02T18:57:44.862+0000] {processor.py:161} INFO - Started process (PID=223) to work on /opt/airflow/dags/clean_sales_dag.py
[2026-02-02T18:57:44.865+0000] {processor.py:830} INFO - Processing file /opt/airflow/dags/clean_sales_dag.py for tasks to queue
[2026-02-02T18:57:44.871+0000] {logging_mixin.py:188} INFO - [2026-02-02T18:57:44.870+0000] {dagbag.py:545} INFO - Filling up the DagBag from /opt/airflow/dags/clean_sales_dag.py
[2026-02-02T18:57:44.945+0000] {processor.py:840} INFO - DAG(s) 'sales_silver_cleaning_pipeline' retrieved from /opt/airflow/dags/clean_sales_dag.py
[2026-02-02T18:57:45.012+0000] {logging_mixin.py:188} INFO - [2026-02-02T18:57:45.011+0000] {dag.py:3089} INFO - Sync 1 DAGs
[2026-02-02T18:57:45.046+0000] {logging_mixin.py:188} INFO - [2026-02-02T18:57:45.046+0000] {dag.py:3947} INFO - Setting next_dagrun for sales_silver_cleaning_pipeline to None, run_after=None
[2026-02-02T18:57:45.134+0000] {processor.py:183} INFO - Processing /opt/airflow/dags/clean_sales_dag.py took 0.293 seconds
[2026-02-02T18:58:15.364+0000] {processor.py:161} INFO - Started process (PID=227) to work on /opt/airflow/dags/clean_sales_dag.py
[2026-02-02T18:58:15.368+0000] {processor.py:830} INFO - Processing file /opt/airflow/dags/clean_sales_dag.py for tasks to queue
[2026-02-02T18:58:15.374+0000] {logging_mixin.py:188} INFO - [2026-02-02T18:58:15.374+0000] {dagbag.py:545} INFO - Filling up the DagBag from /opt/airflow/dags/clean_sales_dag.py
[2026-02-02T18:58:15.429+0000] {processor.py:840} INFO - DAG(s) 'sales_silver_cleaning_pipeline' retrieved from /opt/airflow/dags/clean_sales_dag.py
[2026-02-02T18:58:15.475+0000] {logging_mixin.py:188} INFO - [2026-02-02T18:58:15.475+0000] {dag.py:3089} INFO - Sync 1 DAGs
[2026-02-02T18:58:15.494+0000] {logging_mixin.py:188} INFO - [2026-02-02T18:58:15.494+0000] {dag.py:3947} INFO - Setting next_dagrun for sales_silver_cleaning_pipeline to None, run_after=None
[2026-02-02T18:58:15.527+0000] {processor.py:183} INFO - Processing /opt/airflow/dags/clean_sales_dag.py took 0.181 seconds
[2026-02-02T18:58:46.264+0000] {processor.py:161} INFO - Started process (PID=231) to work on /opt/airflow/dags/clean_sales_dag.py
[2026-02-02T18:58:46.266+0000] {processor.py:830} INFO - Processing file /opt/airflow/dags/clean_sales_dag.py for tasks to queue
[2026-02-02T18:58:46.271+0000] {logging_mixin.py:188} INFO - [2026-02-02T18:58:46.269+0000] {dagbag.py:545} INFO - Filling up the DagBag from /opt/airflow/dags/clean_sales_dag.py
[2026-02-02T18:58:46.328+0000] {processor.py:840} INFO - DAG(s) 'sales_silver_cleaning_pipeline' retrieved from /opt/airflow/dags/clean_sales_dag.py
[2026-02-02T18:58:46.394+0000] {logging_mixin.py:188} INFO - [2026-02-02T18:58:46.394+0000] {dag.py:3089} INFO - Sync 1 DAGs
[2026-02-02T18:58:46.428+0000] {logging_mixin.py:188} INFO - [2026-02-02T18:58:46.427+0000] {dag.py:3947} INFO - Setting next_dagrun for sales_silver_cleaning_pipeline to None, run_after=None
[2026-02-02T18:58:46.470+0000] {processor.py:183} INFO - Processing /opt/airflow/dags/clean_sales_dag.py took 0.221 seconds
[2026-02-02T18:59:16.622+0000] {processor.py:161} INFO - Started process (PID=235) to work on /opt/airflow/dags/clean_sales_dag.py
[2026-02-02T18:59:16.624+0000] {processor.py:830} INFO - Processing file /opt/airflow/dags/clean_sales_dag.py for tasks to queue
[2026-02-02T18:59:16.631+0000] {logging_mixin.py:188} INFO - [2026-02-02T18:59:16.629+0000] {dagbag.py:545} INFO - Filling up the DagBag from /opt/airflow/dags/clean_sales_dag.py
[2026-02-02T18:59:16.675+0000] {processor.py:840} INFO - DAG(s) 'sales_silver_cleaning_pipeline' retrieved from /opt/airflow/dags/clean_sales_dag.py
[2026-02-02T18:59:16.724+0000] {logging_mixin.py:188} INFO - [2026-02-02T18:59:16.724+0000] {dag.py:3089} INFO - Sync 1 DAGs
[2026-02-02T18:59:16.748+0000] {logging_mixin.py:188} INFO - [2026-02-02T18:59:16.748+0000] {dag.py:3947} INFO - Setting next_dagrun for sales_silver_cleaning_pipeline to None, run_after=None
[2026-02-02T18:59:16.811+0000] {processor.py:183} INFO - Processing /opt/airflow/dags/clean_sales_dag.py took 0.201 seconds
[2026-02-02T18:59:47.563+0000] {processor.py:161} INFO - Started process (PID=239) to work on /opt/airflow/dags/clean_sales_dag.py
[2026-02-02T18:59:47.566+0000] {processor.py:830} INFO - Processing file /opt/airflow/dags/clean_sales_dag.py for tasks to queue
[2026-02-02T18:59:47.570+0000] {logging_mixin.py:188} INFO - [2026-02-02T18:59:47.570+0000] {dagbag.py:545} INFO - Filling up the DagBag from /opt/airflow/dags/clean_sales_dag.py
[2026-02-02T18:59:47.637+0000] {processor.py:840} INFO - DAG(s) 'sales_silver_cleaning_pipeline' retrieved from /opt/airflow/dags/clean_sales_dag.py
[2026-02-02T18:59:47.704+0000] {logging_mixin.py:188} INFO - [2026-02-02T18:59:47.703+0000] {dag.py:3089} INFO - Sync 1 DAGs
[2026-02-02T18:59:47.739+0000] {logging_mixin.py:188} INFO - [2026-02-02T18:59:47.738+0000] {dag.py:3947} INFO - Setting next_dagrun for sales_silver_cleaning_pipeline to None, run_after=None
[2026-02-02T18:59:47.798+0000] {processor.py:183} INFO - Processing /opt/airflow/dags/clean_sales_dag.py took 0.246 seconds
[2026-02-02T19:00:18.206+0000] {processor.py:161} INFO - Started process (PID=265) to work on /opt/airflow/dags/clean_sales_dag.py
[2026-02-02T19:00:18.208+0000] {processor.py:830} INFO - Processing file /opt/airflow/dags/clean_sales_dag.py for tasks to queue
[2026-02-02T19:00:18.211+0000] {logging_mixin.py:188} INFO - [2026-02-02T19:00:18.210+0000] {dagbag.py:545} INFO - Filling up the DagBag from /opt/airflow/dags/clean_sales_dag.py
[2026-02-02T19:00:18.270+0000] {processor.py:840} INFO - DAG(s) 'sales_silver_cleaning_pipeline' retrieved from /opt/airflow/dags/clean_sales_dag.py
[2026-02-02T19:00:18.310+0000] {logging_mixin.py:188} INFO - [2026-02-02T19:00:18.310+0000] {dag.py:3089} INFO - Sync 1 DAGs
[2026-02-02T19:00:18.331+0000] {logging_mixin.py:188} INFO - [2026-02-02T19:00:18.330+0000] {dag.py:3947} INFO - Setting next_dagrun for sales_silver_cleaning_pipeline to None, run_after=None
[2026-02-02T19:00:18.416+0000] {processor.py:183} INFO - Processing /opt/airflow/dags/clean_sales_dag.py took 0.218 seconds
[2026-02-02T19:00:48.883+0000] {processor.py:161} INFO - Started process (PID=297) to work on /opt/airflow/dags/clean_sales_dag.py
[2026-02-02T19:00:48.887+0000] {processor.py:830} INFO - Processing file /opt/airflow/dags/clean_sales_dag.py for tasks to queue
[2026-02-02T19:00:48.893+0000] {logging_mixin.py:188} INFO - [2026-02-02T19:00:48.892+0000] {dagbag.py:545} INFO - Filling up the DagBag from /opt/airflow/dags/clean_sales_dag.py
[2026-02-02T19:00:48.963+0000] {processor.py:840} INFO - DAG(s) 'sales_silver_cleaning_pipeline' retrieved from /opt/airflow/dags/clean_sales_dag.py
[2026-02-02T19:00:49.028+0000] {logging_mixin.py:188} INFO - [2026-02-02T19:00:49.027+0000] {dag.py:3089} INFO - Sync 1 DAGs
[2026-02-02T19:00:49.053+0000] {logging_mixin.py:188} INFO - [2026-02-02T19:00:49.053+0000] {dag.py:3947} INFO - Setting next_dagrun for sales_silver_cleaning_pipeline to None, run_after=None
[2026-02-02T19:00:49.154+0000] {processor.py:183} INFO - Processing /opt/airflow/dags/clean_sales_dag.py took 0.289 seconds
[2026-02-02T19:01:19.613+0000] {processor.py:161} INFO - Started process (PID=301) to work on /opt/airflow/dags/clean_sales_dag.py
[2026-02-02T19:01:19.616+0000] {processor.py:830} INFO - Processing file /opt/airflow/dags/clean_sales_dag.py for tasks to queue
[2026-02-02T19:01:19.621+0000] {logging_mixin.py:188} INFO - [2026-02-02T19:01:19.620+0000] {dagbag.py:545} INFO - Filling up the DagBag from /opt/airflow/dags/clean_sales_dag.py
[2026-02-02T19:01:19.692+0000] {processor.py:840} INFO - DAG(s) 'sales_silver_cleaning_pipeline' retrieved from /opt/airflow/dags/clean_sales_dag.py
[2026-02-02T19:01:19.757+0000] {logging_mixin.py:188} INFO - [2026-02-02T19:01:19.756+0000] {dag.py:3089} INFO - Sync 1 DAGs
[2026-02-02T19:01:19.793+0000] {logging_mixin.py:188} INFO - [2026-02-02T19:01:19.792+0000] {dag.py:3947} INFO - Setting next_dagrun for sales_silver_cleaning_pipeline to None, run_after=None
[2026-02-02T19:01:19.886+0000] {processor.py:183} INFO - Processing /opt/airflow/dags/clean_sales_dag.py took 0.289 seconds
[2026-02-02T19:01:50.913+0000] {processor.py:161} INFO - Started process (PID=305) to work on /opt/airflow/dags/clean_sales_dag.py
[2026-02-02T19:01:50.915+0000] {processor.py:830} INFO - Processing file /opt/airflow/dags/clean_sales_dag.py for tasks to queue
[2026-02-02T19:01:50.918+0000] {logging_mixin.py:188} INFO - [2026-02-02T19:01:50.918+0000] {dagbag.py:545} INFO - Filling up the DagBag from /opt/airflow/dags/clean_sales_dag.py
[2026-02-02T19:01:50.967+0000] {processor.py:840} INFO - DAG(s) 'sales_silver_cleaning_pipeline' retrieved from /opt/airflow/dags/clean_sales_dag.py
[2026-02-02T19:01:51.004+0000] {logging_mixin.py:188} INFO - [2026-02-02T19:01:51.004+0000] {dag.py:3089} INFO - Sync 1 DAGs
[2026-02-02T19:01:51.023+0000] {logging_mixin.py:188} INFO - [2026-02-02T19:01:51.023+0000] {dag.py:3947} INFO - Setting next_dagrun for sales_silver_cleaning_pipeline to None, run_after=None
[2026-02-02T19:01:51.053+0000] {processor.py:183} INFO - Processing /opt/airflow/dags/clean_sales_dag.py took 0.151 seconds
[2026-02-02T19:02:21.340+0000] {processor.py:161} INFO - Started process (PID=309) to work on /opt/airflow/dags/clean_sales_dag.py
[2026-02-02T19:02:21.343+0000] {processor.py:830} INFO - Processing file /opt/airflow/dags/clean_sales_dag.py for tasks to queue
[2026-02-02T19:02:21.346+0000] {logging_mixin.py:188} INFO - [2026-02-02T19:02:21.346+0000] {dagbag.py:545} INFO - Filling up the DagBag from /opt/airflow/dags/clean_sales_dag.py
[2026-02-02T19:02:21.393+0000] {processor.py:840} INFO - DAG(s) 'sales_silver_cleaning_pipeline' retrieved from /opt/airflow/dags/clean_sales_dag.py
[2026-02-02T19:02:21.426+0000] {logging_mixin.py:188} INFO - [2026-02-02T19:02:21.426+0000] {dag.py:3089} INFO - Sync 1 DAGs
[2026-02-02T19:02:21.444+0000] {logging_mixin.py:188} INFO - [2026-02-02T19:02:21.443+0000] {dag.py:3947} INFO - Setting next_dagrun for sales_silver_cleaning_pipeline to None, run_after=None
[2026-02-02T19:02:21.526+0000] {processor.py:183} INFO - Processing /opt/airflow/dags/clean_sales_dag.py took 0.194 seconds
[2026-02-02T19:11:04.526+0000] {processor.py:161} INFO - Started process (PID=27) to work on /opt/airflow/dags/clean_sales_dag.py
[2026-02-02T19:11:04.527+0000] {processor.py:830} INFO - Processing file /opt/airflow/dags/clean_sales_dag.py for tasks to queue
[2026-02-02T19:11:04.531+0000] {logging_mixin.py:188} INFO - [2026-02-02T19:11:04.530+0000] {dagbag.py:545} INFO - Filling up the DagBag from /opt/airflow/dags/clean_sales_dag.py
[2026-02-02T19:11:04.587+0000] {processor.py:840} INFO - DAG(s) 'sales_silver_cleaning_pipeline' retrieved from /opt/airflow/dags/clean_sales_dag.py
[2026-02-02T19:11:04.678+0000] {logging_mixin.py:188} INFO - [2026-02-02T19:11:04.677+0000] {dag.py:3089} INFO - Sync 1 DAGs
[2026-02-02T19:11:04.706+0000] {logging_mixin.py:188} INFO - [2026-02-02T19:11:04.705+0000] {dag.py:3947} INFO - Setting next_dagrun for sales_silver_cleaning_pipeline to None, run_after=None
[2026-02-02T19:11:04.749+0000] {processor.py:183} INFO - Processing /opt/airflow/dags/clean_sales_dag.py took 0.233 seconds
[2026-02-02T19:11:35.187+0000] {processor.py:161} INFO - Started process (PID=71) to work on /opt/airflow/dags/clean_sales_dag.py
[2026-02-02T19:11:35.189+0000] {processor.py:830} INFO - Processing file /opt/airflow/dags/clean_sales_dag.py for tasks to queue
[2026-02-02T19:11:35.193+0000] {logging_mixin.py:188} INFO - [2026-02-02T19:11:35.193+0000] {dagbag.py:545} INFO - Filling up the DagBag from /opt/airflow/dags/clean_sales_dag.py
[2026-02-02T19:11:35.231+0000] {processor.py:840} INFO - DAG(s) 'sales_silver_cleaning_pipeline' retrieved from /opt/airflow/dags/clean_sales_dag.py
[2026-02-02T19:11:35.278+0000] {logging_mixin.py:188} INFO - [2026-02-02T19:11:35.278+0000] {dag.py:3089} INFO - Sync 1 DAGs
[2026-02-02T19:11:35.305+0000] {logging_mixin.py:188} INFO - [2026-02-02T19:11:35.305+0000] {dag.py:3947} INFO - Setting next_dagrun for sales_silver_cleaning_pipeline to None, run_after=None
[2026-02-02T19:11:35.388+0000] {processor.py:183} INFO - Processing /opt/airflow/dags/clean_sales_dag.py took 0.214 seconds
[2026-02-02T19:12:05.610+0000] {processor.py:161} INFO - Started process (PID=115) to work on /opt/airflow/dags/clean_sales_dag.py
[2026-02-02T19:12:05.612+0000] {processor.py:830} INFO - Processing file /opt/airflow/dags/clean_sales_dag.py for tasks to queue
[2026-02-02T19:12:05.614+0000] {logging_mixin.py:188} INFO - [2026-02-02T19:12:05.614+0000] {dagbag.py:545} INFO - Filling up the DagBag from /opt/airflow/dags/clean_sales_dag.py
[2026-02-02T19:12:05.649+0000] {processor.py:840} INFO - DAG(s) 'sales_silver_cleaning_pipeline' retrieved from /opt/airflow/dags/clean_sales_dag.py
[2026-02-02T19:12:05.700+0000] {logging_mixin.py:188} INFO - [2026-02-02T19:12:05.700+0000] {dag.py:3089} INFO - Sync 1 DAGs
[2026-02-02T19:12:05.725+0000] {logging_mixin.py:188} INFO - [2026-02-02T19:12:05.725+0000] {dag.py:3947} INFO - Setting next_dagrun for sales_silver_cleaning_pipeline to None, run_after=None
[2026-02-02T19:12:05.810+0000] {processor.py:183} INFO - Processing /opt/airflow/dags/clean_sales_dag.py took 0.209 seconds
[2026-02-02T19:12:35.984+0000] {processor.py:161} INFO - Started process (PID=138) to work on /opt/airflow/dags/clean_sales_dag.py
[2026-02-02T19:12:35.986+0000] {processor.py:830} INFO - Processing file /opt/airflow/dags/clean_sales_dag.py for tasks to queue
[2026-02-02T19:12:35.992+0000] {logging_mixin.py:188} INFO - [2026-02-02T19:12:35.991+0000] {dagbag.py:545} INFO - Filling up the DagBag from /opt/airflow/dags/clean_sales_dag.py
[2026-02-02T19:12:36.032+0000] {processor.py:840} INFO - DAG(s) 'sales_silver_cleaning_pipeline' retrieved from /opt/airflow/dags/clean_sales_dag.py
[2026-02-02T19:12:36.080+0000] {logging_mixin.py:188} INFO - [2026-02-02T19:12:36.079+0000] {dag.py:3089} INFO - Sync 1 DAGs
[2026-02-02T19:12:36.103+0000] {logging_mixin.py:188} INFO - [2026-02-02T19:12:36.103+0000] {dag.py:3947} INFO - Setting next_dagrun for sales_silver_cleaning_pipeline to None, run_after=None
[2026-02-02T19:12:36.142+0000] {processor.py:183} INFO - Processing /opt/airflow/dags/clean_sales_dag.py took 0.169 seconds
[2026-02-02T19:13:06.811+0000] {processor.py:161} INFO - Started process (PID=142) to work on /opt/airflow/dags/clean_sales_dag.py
[2026-02-02T19:13:06.813+0000] {processor.py:830} INFO - Processing file /opt/airflow/dags/clean_sales_dag.py for tasks to queue
[2026-02-02T19:13:06.819+0000] {logging_mixin.py:188} INFO - [2026-02-02T19:13:06.818+0000] {dagbag.py:545} INFO - Filling up the DagBag from /opt/airflow/dags/clean_sales_dag.py
[2026-02-02T19:13:06.873+0000] {processor.py:840} INFO - DAG(s) 'sales_silver_cleaning_pipeline' retrieved from /opt/airflow/dags/clean_sales_dag.py
[2026-02-02T19:13:06.930+0000] {logging_mixin.py:188} INFO - [2026-02-02T19:13:06.929+0000] {dag.py:3089} INFO - Sync 1 DAGs
[2026-02-02T19:13:06.969+0000] {logging_mixin.py:188} INFO - [2026-02-02T19:13:06.968+0000] {dag.py:3947} INFO - Setting next_dagrun for sales_silver_cleaning_pipeline to None, run_after=None
[2026-02-02T19:13:07.067+0000] {processor.py:183} INFO - Processing /opt/airflow/dags/clean_sales_dag.py took 0.273 seconds
[2026-02-02T19:13:37.705+0000] {processor.py:161} INFO - Started process (PID=146) to work on /opt/airflow/dags/clean_sales_dag.py
[2026-02-02T19:13:37.708+0000] {processor.py:830} INFO - Processing file /opt/airflow/dags/clean_sales_dag.py for tasks to queue
[2026-02-02T19:13:37.714+0000] {logging_mixin.py:188} INFO - [2026-02-02T19:13:37.713+0000] {dagbag.py:545} INFO - Filling up the DagBag from /opt/airflow/dags/clean_sales_dag.py
[2026-02-02T19:13:37.771+0000] {processor.py:840} INFO - DAG(s) 'sales_silver_cleaning_pipeline' retrieved from /opt/airflow/dags/clean_sales_dag.py
[2026-02-02T19:13:37.821+0000] {logging_mixin.py:188} INFO - [2026-02-02T19:13:37.820+0000] {dag.py:3089} INFO - Sync 1 DAGs
[2026-02-02T19:13:37.845+0000] {logging_mixin.py:188} INFO - [2026-02-02T19:13:37.845+0000] {dag.py:3947} INFO - Setting next_dagrun for sales_silver_cleaning_pipeline to None, run_after=None
[2026-02-02T19:13:37.927+0000] {processor.py:183} INFO - Processing /opt/airflow/dags/clean_sales_dag.py took 0.241 seconds
[2026-02-02T19:14:08.031+0000] {processor.py:161} INFO - Started process (PID=150) to work on /opt/airflow/dags/clean_sales_dag.py
[2026-02-02T19:14:08.033+0000] {processor.py:830} INFO - Processing file /opt/airflow/dags/clean_sales_dag.py for tasks to queue
[2026-02-02T19:14:08.037+0000] {logging_mixin.py:188} INFO - [2026-02-02T19:14:08.036+0000] {dagbag.py:545} INFO - Filling up the DagBag from /opt/airflow/dags/clean_sales_dag.py
[2026-02-02T19:14:08.075+0000] {processor.py:840} INFO - DAG(s) 'sales_silver_cleaning_pipeline' retrieved from /opt/airflow/dags/clean_sales_dag.py
[2026-02-02T19:14:08.119+0000] {logging_mixin.py:188} INFO - [2026-02-02T19:14:08.119+0000] {dag.py:3089} INFO - Sync 1 DAGs
[2026-02-02T19:14:08.144+0000] {logging_mixin.py:188} INFO - [2026-02-02T19:14:08.143+0000] {dag.py:3947} INFO - Setting next_dagrun for sales_silver_cleaning_pipeline to None, run_after=None
[2026-02-02T19:14:08.218+0000] {processor.py:183} INFO - Processing /opt/airflow/dags/clean_sales_dag.py took 0.198 seconds
[2026-02-02T19:17:13.534+0000] {processor.py:161} INFO - Started process (PID=26) to work on /opt/airflow/dags/clean_sales_dag.py
[2026-02-02T19:17:13.536+0000] {processor.py:830} INFO - Processing file /opt/airflow/dags/clean_sales_dag.py for tasks to queue
[2026-02-02T19:17:13.540+0000] {logging_mixin.py:188} INFO - [2026-02-02T19:17:13.539+0000] {dagbag.py:545} INFO - Filling up the DagBag from /opt/airflow/dags/clean_sales_dag.py
[2026-02-02T19:17:13.580+0000] {processor.py:840} INFO - DAG(s) 'sales_silver_cleaning_pipeline' retrieved from /opt/airflow/dags/clean_sales_dag.py
[2026-02-02T19:17:13.714+0000] {logging_mixin.py:188} INFO - [2026-02-02T19:17:13.713+0000] {dag.py:3089} INFO - Sync 1 DAGs
[2026-02-02T19:17:13.739+0000] {logging_mixin.py:188} INFO - [2026-02-02T19:17:13.739+0000] {dag.py:3947} INFO - Setting next_dagrun for sales_silver_cleaning_pipeline to None, run_after=None
[2026-02-02T19:17:13.783+0000] {processor.py:183} INFO - Processing /opt/airflow/dags/clean_sales_dag.py took 0.262 seconds
[2026-02-02T19:17:44.251+0000] {processor.py:161} INFO - Started process (PID=61) to work on /opt/airflow/dags/clean_sales_dag.py
[2026-02-02T19:17:44.253+0000] {processor.py:830} INFO - Processing file /opt/airflow/dags/clean_sales_dag.py for tasks to queue
[2026-02-02T19:17:44.257+0000] {logging_mixin.py:188} INFO - [2026-02-02T19:17:44.256+0000] {dagbag.py:545} INFO - Filling up the DagBag from /opt/airflow/dags/clean_sales_dag.py
[2026-02-02T19:17:44.292+0000] {processor.py:840} INFO - DAG(s) 'sales_silver_cleaning_pipeline' retrieved from /opt/airflow/dags/clean_sales_dag.py
[2026-02-02T19:17:44.340+0000] {logging_mixin.py:188} INFO - [2026-02-02T19:17:44.340+0000] {dag.py:3089} INFO - Sync 1 DAGs
[2026-02-02T19:17:44.364+0000] {logging_mixin.py:188} INFO - [2026-02-02T19:17:44.363+0000] {dag.py:3947} INFO - Setting next_dagrun for sales_silver_cleaning_pipeline to None, run_after=None
[2026-02-02T19:17:44.403+0000] {processor.py:183} INFO - Processing /opt/airflow/dags/clean_sales_dag.py took 0.165 seconds
[2026-02-02T19:18:14.905+0000] {processor.py:161} INFO - Started process (PID=103) to work on /opt/airflow/dags/clean_sales_dag.py
[2026-02-02T19:18:14.907+0000] {processor.py:830} INFO - Processing file /opt/airflow/dags/clean_sales_dag.py for tasks to queue
[2026-02-02T19:18:14.910+0000] {logging_mixin.py:188} INFO - [2026-02-02T19:18:14.909+0000] {dagbag.py:545} INFO - Filling up the DagBag from /opt/airflow/dags/clean_sales_dag.py
[2026-02-02T19:18:14.946+0000] {processor.py:840} INFO - DAG(s) 'sales_silver_cleaning_pipeline' retrieved from /opt/airflow/dags/clean_sales_dag.py
[2026-02-02T19:18:14.987+0000] {logging_mixin.py:188} INFO - [2026-02-02T19:18:14.987+0000] {dag.py:3089} INFO - Sync 1 DAGs
[2026-02-02T19:18:15.010+0000] {logging_mixin.py:188} INFO - [2026-02-02T19:18:15.010+0000] {dag.py:3947} INFO - Setting next_dagrun for sales_silver_cleaning_pipeline to None, run_after=None
[2026-02-02T19:18:15.093+0000] {processor.py:183} INFO - Processing /opt/airflow/dags/clean_sales_dag.py took 0.197 seconds
[2026-02-02T19:18:45.444+0000] {processor.py:161} INFO - Started process (PID=107) to work on /opt/airflow/dags/clean_sales_dag.py
[2026-02-02T19:18:45.447+0000] {processor.py:830} INFO - Processing file /opt/airflow/dags/clean_sales_dag.py for tasks to queue
[2026-02-02T19:18:45.450+0000] {logging_mixin.py:188} INFO - [2026-02-02T19:18:45.450+0000] {dagbag.py:545} INFO - Filling up the DagBag from /opt/airflow/dags/clean_sales_dag.py
[2026-02-02T19:18:45.483+0000] {processor.py:840} INFO - DAG(s) 'sales_silver_cleaning_pipeline' retrieved from /opt/airflow/dags/clean_sales_dag.py
[2026-02-02T19:18:45.523+0000] {logging_mixin.py:188} INFO - [2026-02-02T19:18:45.522+0000] {dag.py:3089} INFO - Sync 1 DAGs
[2026-02-02T19:18:45.544+0000] {logging_mixin.py:188} INFO - [2026-02-02T19:18:45.544+0000] {dag.py:3947} INFO - Setting next_dagrun for sales_silver_cleaning_pipeline to None, run_after=None
[2026-02-02T19:18:45.622+0000] {processor.py:183} INFO - Processing /opt/airflow/dags/clean_sales_dag.py took 0.187 seconds
[2026-02-02T19:19:15.719+0000] {processor.py:161} INFO - Started process (PID=111) to work on /opt/airflow/dags/clean_sales_dag.py
[2026-02-02T19:19:15.721+0000] {processor.py:830} INFO - Processing file /opt/airflow/dags/clean_sales_dag.py for tasks to queue
[2026-02-02T19:19:15.726+0000] {logging_mixin.py:188} INFO - [2026-02-02T19:19:15.725+0000] {dagbag.py:545} INFO - Filling up the DagBag from /opt/airflow/dags/clean_sales_dag.py
[2026-02-02T19:19:15.768+0000] {processor.py:840} INFO - DAG(s) 'sales_silver_cleaning_pipeline' retrieved from /opt/airflow/dags/clean_sales_dag.py
[2026-02-02T19:19:15.802+0000] {logging_mixin.py:188} INFO - [2026-02-02T19:19:15.802+0000] {dag.py:3089} INFO - Sync 1 DAGs
[2026-02-02T19:19:15.825+0000] {logging_mixin.py:188} INFO - [2026-02-02T19:19:15.825+0000] {dag.py:3947} INFO - Setting next_dagrun for sales_silver_cleaning_pipeline to None, run_after=None
[2026-02-02T19:19:15.908+0000] {processor.py:183} INFO - Processing /opt/airflow/dags/clean_sales_dag.py took 0.198 seconds
[2026-02-02T19:22:43.947+0000] {processor.py:161} INFO - Started process (PID=26) to work on /opt/airflow/dags/clean_sales_dag.py
[2026-02-02T19:22:43.950+0000] {processor.py:830} INFO - Processing file /opt/airflow/dags/clean_sales_dag.py for tasks to queue
[2026-02-02T19:22:43.954+0000] {logging_mixin.py:188} INFO - [2026-02-02T19:22:43.954+0000] {dagbag.py:545} INFO - Filling up the DagBag from /opt/airflow/dags/clean_sales_dag.py
[2026-02-02T19:22:44.001+0000] {processor.py:840} INFO - DAG(s) 'sales_silver_cleaning_pipeline' retrieved from /opt/airflow/dags/clean_sales_dag.py
[2026-02-02T19:22:44.081+0000] {logging_mixin.py:188} INFO - [2026-02-02T19:22:44.080+0000] {dag.py:3089} INFO - Sync 1 DAGs
[2026-02-02T19:22:44.107+0000] {logging_mixin.py:188} INFO - [2026-02-02T19:22:44.107+0000] {dag.py:3947} INFO - Setting next_dagrun for sales_silver_cleaning_pipeline to None, run_after=None
[2026-02-02T19:22:44.153+0000] {processor.py:183} INFO - Processing /opt/airflow/dags/clean_sales_dag.py took 0.220 seconds
[2026-02-02T19:23:14.622+0000] {processor.py:161} INFO - Started process (PID=68) to work on /opt/airflow/dags/clean_sales_dag.py
[2026-02-02T19:23:14.624+0000] {processor.py:830} INFO - Processing file /opt/airflow/dags/clean_sales_dag.py for tasks to queue
[2026-02-02T19:23:14.628+0000] {logging_mixin.py:188} INFO - [2026-02-02T19:23:14.628+0000] {dagbag.py:545} INFO - Filling up the DagBag from /opt/airflow/dags/clean_sales_dag.py
[2026-02-02T19:23:14.671+0000] {processor.py:840} INFO - DAG(s) 'sales_silver_cleaning_pipeline' retrieved from /opt/airflow/dags/clean_sales_dag.py
[2026-02-02T19:23:14.715+0000] {logging_mixin.py:188} INFO - [2026-02-02T19:23:14.715+0000] {dag.py:3089} INFO - Sync 1 DAGs
[2026-02-02T19:23:14.747+0000] {logging_mixin.py:188} INFO - [2026-02-02T19:23:14.746+0000] {dag.py:3947} INFO - Setting next_dagrun for sales_silver_cleaning_pipeline to None, run_after=None
[2026-02-02T19:23:14.830+0000] {processor.py:183} INFO - Processing /opt/airflow/dags/clean_sales_dag.py took 0.225 seconds
[2026-02-02T19:23:45.171+0000] {processor.py:161} INFO - Started process (PID=93) to work on /opt/airflow/dags/clean_sales_dag.py
[2026-02-02T19:23:45.172+0000] {processor.py:830} INFO - Processing file /opt/airflow/dags/clean_sales_dag.py for tasks to queue
[2026-02-02T19:23:45.176+0000] {logging_mixin.py:188} INFO - [2026-02-02T19:23:45.175+0000] {dagbag.py:545} INFO - Filling up the DagBag from /opt/airflow/dags/clean_sales_dag.py
[2026-02-02T19:23:45.210+0000] {processor.py:840} INFO - DAG(s) 'sales_silver_cleaning_pipeline' retrieved from /opt/airflow/dags/clean_sales_dag.py
[2026-02-02T19:23:45.250+0000] {logging_mixin.py:188} INFO - [2026-02-02T19:23:45.250+0000] {dag.py:3089} INFO - Sync 1 DAGs
[2026-02-02T19:23:45.273+0000] {logging_mixin.py:188} INFO - [2026-02-02T19:23:45.273+0000] {dag.py:3947} INFO - Setting next_dagrun for sales_silver_cleaning_pipeline to None, run_after=None
[2026-02-02T19:23:45.302+0000] {processor.py:183} INFO - Processing /opt/airflow/dags/clean_sales_dag.py took 0.140 seconds
[2026-02-02T19:24:15.615+0000] {processor.py:161} INFO - Started process (PID=97) to work on /opt/airflow/dags/clean_sales_dag.py
[2026-02-02T19:24:15.617+0000] {processor.py:830} INFO - Processing file /opt/airflow/dags/clean_sales_dag.py for tasks to queue
[2026-02-02T19:24:15.619+0000] {logging_mixin.py:188} INFO - [2026-02-02T19:24:15.618+0000] {dagbag.py:545} INFO - Filling up the DagBag from /opt/airflow/dags/clean_sales_dag.py
[2026-02-02T19:24:15.655+0000] {processor.py:840} INFO - DAG(s) 'sales_silver_cleaning_pipeline' retrieved from /opt/airflow/dags/clean_sales_dag.py
[2026-02-02T19:24:15.696+0000] {logging_mixin.py:188} INFO - [2026-02-02T19:24:15.696+0000] {dag.py:3089} INFO - Sync 1 DAGs
[2026-02-02T19:24:15.716+0000] {logging_mixin.py:188} INFO - [2026-02-02T19:24:15.716+0000] {dag.py:3947} INFO - Setting next_dagrun for sales_silver_cleaning_pipeline to None, run_after=None
[2026-02-02T19:24:15.743+0000] {processor.py:183} INFO - Processing /opt/airflow/dags/clean_sales_dag.py took 0.138 seconds
[2026-02-02T19:24:46.177+0000] {processor.py:161} INFO - Started process (PID=101) to work on /opt/airflow/dags/clean_sales_dag.py
[2026-02-02T19:24:46.179+0000] {processor.py:830} INFO - Processing file /opt/airflow/dags/clean_sales_dag.py for tasks to queue
[2026-02-02T19:24:46.183+0000] {logging_mixin.py:188} INFO - [2026-02-02T19:24:46.182+0000] {dagbag.py:545} INFO - Filling up the DagBag from /opt/airflow/dags/clean_sales_dag.py
[2026-02-02T19:24:46.223+0000] {processor.py:840} INFO - DAG(s) 'sales_silver_cleaning_pipeline' retrieved from /opt/airflow/dags/clean_sales_dag.py
[2026-02-02T19:24:46.266+0000] {logging_mixin.py:188} INFO - [2026-02-02T19:24:46.265+0000] {dag.py:3089} INFO - Sync 1 DAGs
[2026-02-02T19:24:46.289+0000] {logging_mixin.py:188} INFO - [2026-02-02T19:24:46.289+0000] {dag.py:3947} INFO - Setting next_dagrun for sales_silver_cleaning_pipeline to None, run_after=None
[2026-02-02T19:24:46.319+0000] {processor.py:183} INFO - Processing /opt/airflow/dags/clean_sales_dag.py took 0.151 seconds
[2026-02-02T19:25:16.573+0000] {processor.py:161} INFO - Started process (PID=127) to work on /opt/airflow/dags/clean_sales_dag.py
[2026-02-02T19:25:16.574+0000] {processor.py:830} INFO - Processing file /opt/airflow/dags/clean_sales_dag.py for tasks to queue
[2026-02-02T19:25:16.579+0000] {logging_mixin.py:188} INFO - [2026-02-02T19:25:16.578+0000] {dagbag.py:545} INFO - Filling up the DagBag from /opt/airflow/dags/clean_sales_dag.py
[2026-02-02T19:25:16.617+0000] {processor.py:840} INFO - DAG(s) 'sales_silver_cleaning_pipeline' retrieved from /opt/airflow/dags/clean_sales_dag.py
[2026-02-02T19:25:16.657+0000] {logging_mixin.py:188} INFO - [2026-02-02T19:25:16.656+0000] {dag.py:3089} INFO - Sync 1 DAGs
[2026-02-02T19:25:16.681+0000] {logging_mixin.py:188} INFO - [2026-02-02T19:25:16.680+0000] {dag.py:3947} INFO - Setting next_dagrun for sales_silver_cleaning_pipeline to None, run_after=None
[2026-02-02T19:25:16.711+0000] {processor.py:183} INFO - Processing /opt/airflow/dags/clean_sales_dag.py took 0.147 seconds
[2026-02-02T19:25:47.233+0000] {processor.py:161} INFO - Started process (PID=159) to work on /opt/airflow/dags/clean_sales_dag.py
[2026-02-02T19:25:47.235+0000] {processor.py:830} INFO - Processing file /opt/airflow/dags/clean_sales_dag.py for tasks to queue
[2026-02-02T19:25:47.244+0000] {logging_mixin.py:188} INFO - [2026-02-02T19:25:47.243+0000] {dagbag.py:545} INFO - Filling up the DagBag from /opt/airflow/dags/clean_sales_dag.py
[2026-02-02T19:25:47.285+0000] {processor.py:840} INFO - DAG(s) 'sales_silver_cleaning_pipeline' retrieved from /opt/airflow/dags/clean_sales_dag.py
[2026-02-02T19:25:47.332+0000] {logging_mixin.py:188} INFO - [2026-02-02T19:25:47.331+0000] {dag.py:3089} INFO - Sync 1 DAGs
[2026-02-02T19:25:47.353+0000] {logging_mixin.py:188} INFO - [2026-02-02T19:25:47.353+0000] {dag.py:3947} INFO - Setting next_dagrun for sales_silver_cleaning_pipeline to None, run_after=None
[2026-02-02T19:25:47.382+0000] {processor.py:183} INFO - Processing /opt/airflow/dags/clean_sales_dag.py took 0.163 seconds
[2026-02-02T19:26:17.530+0000] {processor.py:161} INFO - Started process (PID=163) to work on /opt/airflow/dags/clean_sales_dag.py
[2026-02-02T19:26:17.532+0000] {processor.py:830} INFO - Processing file /opt/airflow/dags/clean_sales_dag.py for tasks to queue
[2026-02-02T19:26:17.535+0000] {logging_mixin.py:188} INFO - [2026-02-02T19:26:17.535+0000] {dagbag.py:545} INFO - Filling up the DagBag from /opt/airflow/dags/clean_sales_dag.py
[2026-02-02T19:26:17.581+0000] {processor.py:840} INFO - DAG(s) 'sales_silver_cleaning_pipeline' retrieved from /opt/airflow/dags/clean_sales_dag.py
[2026-02-02T19:26:17.637+0000] {logging_mixin.py:188} INFO - [2026-02-02T19:26:17.637+0000] {dag.py:3089} INFO - Sync 1 DAGs
[2026-02-02T19:26:17.682+0000] {logging_mixin.py:188} INFO - [2026-02-02T19:26:17.682+0000] {dag.py:3947} INFO - Setting next_dagrun for sales_silver_cleaning_pipeline to None, run_after=None
[2026-02-02T19:26:17.750+0000] {processor.py:183} INFO - Processing /opt/airflow/dags/clean_sales_dag.py took 0.230 seconds
[2026-02-02T19:28:32.264+0000] {processor.py:161} INFO - Started process (PID=26) to work on /opt/airflow/dags/clean_sales_dag.py
[2026-02-02T19:28:32.268+0000] {processor.py:830} INFO - Processing file /opt/airflow/dags/clean_sales_dag.py for tasks to queue
[2026-02-02T19:28:32.272+0000] {logging_mixin.py:188} INFO - [2026-02-02T19:28:32.272+0000] {dagbag.py:545} INFO - Filling up the DagBag from /opt/airflow/dags/clean_sales_dag.py
[2026-02-02T19:28:32.318+0000] {processor.py:840} INFO - DAG(s) 'sales_silver_cleaning_pipeline' retrieved from /opt/airflow/dags/clean_sales_dag.py
[2026-02-02T19:28:32.401+0000] {logging_mixin.py:188} INFO - [2026-02-02T19:28:32.401+0000] {dag.py:3089} INFO - Sync 1 DAGs
[2026-02-02T19:28:32.424+0000] {logging_mixin.py:188} INFO - [2026-02-02T19:28:32.424+0000] {dag.py:3947} INFO - Setting next_dagrun for sales_silver_cleaning_pipeline to None, run_after=None
[2026-02-02T19:28:32.464+0000] {processor.py:183} INFO - Processing /opt/airflow/dags/clean_sales_dag.py took 0.212 seconds
[2026-02-02T19:29:02.999+0000] {processor.py:161} INFO - Started process (PID=49) to work on /opt/airflow/dags/clean_sales_dag.py
[2026-02-02T19:29:03.001+0000] {processor.py:830} INFO - Processing file /opt/airflow/dags/clean_sales_dag.py for tasks to queue
[2026-02-02T19:29:03.003+0000] {logging_mixin.py:188} INFO - [2026-02-02T19:29:03.003+0000] {dagbag.py:545} INFO - Filling up the DagBag from /opt/airflow/dags/clean_sales_dag.py
[2026-02-02T19:29:03.039+0000] {processor.py:840} INFO - DAG(s) 'sales_silver_cleaning_pipeline' retrieved from /opt/airflow/dags/clean_sales_dag.py
[2026-02-02T19:29:03.081+0000] {logging_mixin.py:188} INFO - [2026-02-02T19:29:03.081+0000] {dag.py:3089} INFO - Sync 1 DAGs
[2026-02-02T19:29:03.102+0000] {logging_mixin.py:188} INFO - [2026-02-02T19:29:03.102+0000] {dag.py:3947} INFO - Setting next_dagrun for sales_silver_cleaning_pipeline to None, run_after=None
[2026-02-02T19:29:03.138+0000] {processor.py:183} INFO - Processing /opt/airflow/dags/clean_sales_dag.py took 0.148 seconds
[2026-02-02T19:29:33.321+0000] {processor.py:161} INFO - Started process (PID=53) to work on /opt/airflow/dags/clean_sales_dag.py
[2026-02-02T19:29:33.323+0000] {processor.py:830} INFO - Processing file /opt/airflow/dags/clean_sales_dag.py for tasks to queue
[2026-02-02T19:29:33.326+0000] {logging_mixin.py:188} INFO - [2026-02-02T19:29:33.325+0000] {dagbag.py:545} INFO - Filling up the DagBag from /opt/airflow/dags/clean_sales_dag.py
[2026-02-02T19:29:33.364+0000] {processor.py:840} INFO - DAG(s) 'sales_silver_cleaning_pipeline' retrieved from /opt/airflow/dags/clean_sales_dag.py
[2026-02-02T19:29:33.408+0000] {logging_mixin.py:188} INFO - [2026-02-02T19:29:33.407+0000] {dag.py:3089} INFO - Sync 1 DAGs
[2026-02-02T19:29:33.430+0000] {logging_mixin.py:188} INFO - [2026-02-02T19:29:33.430+0000] {dag.py:3947} INFO - Setting next_dagrun for sales_silver_cleaning_pipeline to None, run_after=None
[2026-02-02T19:29:33.512+0000] {processor.py:183} INFO - Processing /opt/airflow/dags/clean_sales_dag.py took 0.201 seconds
[2026-02-02T19:30:03.649+0000] {processor.py:161} INFO - Started process (PID=58) to work on /opt/airflow/dags/clean_sales_dag.py
[2026-02-02T19:30:03.652+0000] {processor.py:830} INFO - Processing file /opt/airflow/dags/clean_sales_dag.py for tasks to queue
[2026-02-02T19:30:03.656+0000] {logging_mixin.py:188} INFO - [2026-02-02T19:30:03.655+0000] {dagbag.py:545} INFO - Filling up the DagBag from /opt/airflow/dags/clean_sales_dag.py
[2026-02-02T19:30:03.711+0000] {processor.py:840} INFO - DAG(s) 'sales_silver_cleaning_pipeline' retrieved from /opt/airflow/dags/clean_sales_dag.py
[2026-02-02T19:30:03.758+0000] {logging_mixin.py:188} INFO - [2026-02-02T19:30:03.758+0000] {dag.py:3089} INFO - Sync 1 DAGs
[2026-02-02T19:30:03.784+0000] {logging_mixin.py:188} INFO - [2026-02-02T19:30:03.784+0000] {dag.py:3947} INFO - Setting next_dagrun for sales_silver_cleaning_pipeline to None, run_after=None
[2026-02-02T19:30:03.846+0000] {processor.py:183} INFO - Processing /opt/airflow/dags/clean_sales_dag.py took 0.209 seconds
[2026-02-02T19:30:33.938+0000] {processor.py:161} INFO - Started process (PID=102) to work on /opt/airflow/dags/clean_sales_dag.py
[2026-02-02T19:30:33.941+0000] {processor.py:830} INFO - Processing file /opt/airflow/dags/clean_sales_dag.py for tasks to queue
[2026-02-02T19:30:33.946+0000] {logging_mixin.py:188} INFO - [2026-02-02T19:30:33.946+0000] {dagbag.py:545} INFO - Filling up the DagBag from /opt/airflow/dags/clean_sales_dag.py
[2026-02-02T19:30:33.991+0000] {processor.py:840} INFO - DAG(s) 'sales_silver_cleaning_pipeline' retrieved from /opt/airflow/dags/clean_sales_dag.py
[2026-02-02T19:30:34.031+0000] {logging_mixin.py:188} INFO - [2026-02-02T19:30:34.031+0000] {dag.py:3089} INFO - Sync 1 DAGs
[2026-02-02T19:30:34.065+0000] {logging_mixin.py:188} INFO - [2026-02-02T19:30:34.064+0000] {dag.py:3947} INFO - Setting next_dagrun for sales_silver_cleaning_pipeline to None, run_after=None
[2026-02-02T19:30:34.113+0000] {processor.py:183} INFO - Processing /opt/airflow/dags/clean_sales_dag.py took 0.186 seconds
[2026-02-02T19:35:03.299+0000] {processor.py:161} INFO - Started process (PID=26) to work on /opt/airflow/dags/clean_sales_dag.py
[2026-02-02T19:35:03.301+0000] {processor.py:830} INFO - Processing file /opt/airflow/dags/clean_sales_dag.py for tasks to queue
[2026-02-02T19:35:03.306+0000] {logging_mixin.py:188} INFO - [2026-02-02T19:35:03.305+0000] {dagbag.py:545} INFO - Filling up the DagBag from /opt/airflow/dags/clean_sales_dag.py
[2026-02-02T19:35:03.351+0000] {processor.py:840} INFO - DAG(s) 'sales_silver_cleaning_pipeline' retrieved from /opt/airflow/dags/clean_sales_dag.py
[2026-02-02T19:35:03.477+0000] {logging_mixin.py:188} INFO - [2026-02-02T19:35:03.476+0000] {dag.py:3089} INFO - Sync 1 DAGs
[2026-02-02T19:35:03.509+0000] {logging_mixin.py:188} INFO - [2026-02-02T19:35:03.509+0000] {dag.py:3947} INFO - Setting next_dagrun for sales_silver_cleaning_pipeline to None, run_after=None
[2026-02-02T19:35:03.549+0000] {processor.py:183} INFO - Processing /opt/airflow/dags/clean_sales_dag.py took 0.267 seconds
[2026-02-02T19:35:33.908+0000] {processor.py:161} INFO - Started process (PID=70) to work on /opt/airflow/dags/clean_sales_dag.py
[2026-02-02T19:35:33.911+0000] {processor.py:830} INFO - Processing file /opt/airflow/dags/clean_sales_dag.py for tasks to queue
[2026-02-02T19:35:33.915+0000] {logging_mixin.py:188} INFO - [2026-02-02T19:35:33.914+0000] {dagbag.py:545} INFO - Filling up the DagBag from /opt/airflow/dags/clean_sales_dag.py
[2026-02-02T19:35:33.970+0000] {processor.py:840} INFO - DAG(s) 'sales_silver_cleaning_pipeline' retrieved from /opt/airflow/dags/clean_sales_dag.py
[2026-02-02T19:35:34.023+0000] {logging_mixin.py:188} INFO - [2026-02-02T19:35:34.023+0000] {dag.py:3089} INFO - Sync 1 DAGs
[2026-02-02T19:35:34.050+0000] {logging_mixin.py:188} INFO - [2026-02-02T19:35:34.049+0000] {dag.py:3947} INFO - Setting next_dagrun for sales_silver_cleaning_pipeline to None, run_after=None
[2026-02-02T19:35:34.128+0000] {processor.py:183} INFO - Processing /opt/airflow/dags/clean_sales_dag.py took 0.236 seconds
[2026-02-02T19:36:04.238+0000] {processor.py:161} INFO - Started process (PID=113) to work on /opt/airflow/dags/clean_sales_dag.py
[2026-02-02T19:36:04.240+0000] {processor.py:830} INFO - Processing file /opt/airflow/dags/clean_sales_dag.py for tasks to queue
[2026-02-02T19:36:04.243+0000] {logging_mixin.py:188} INFO - [2026-02-02T19:36:04.243+0000] {dagbag.py:545} INFO - Filling up the DagBag from /opt/airflow/dags/clean_sales_dag.py
[2026-02-02T19:36:04.281+0000] {processor.py:840} INFO - DAG(s) 'sales_silver_cleaning_pipeline' retrieved from /opt/airflow/dags/clean_sales_dag.py
[2026-02-02T19:36:04.326+0000] {logging_mixin.py:188} INFO - [2026-02-02T19:36:04.325+0000] {dag.py:3089} INFO - Sync 1 DAGs
[2026-02-02T19:36:04.349+0000] {logging_mixin.py:188} INFO - [2026-02-02T19:36:04.349+0000] {dag.py:3947} INFO - Setting next_dagrun for sales_silver_cleaning_pipeline to None, run_after=None
[2026-02-02T19:36:04.421+0000] {processor.py:183} INFO - Processing /opt/airflow/dags/clean_sales_dag.py took 0.194 seconds
[2026-02-02T19:36:34.609+0000] {processor.py:161} INFO - Started process (PID=117) to work on /opt/airflow/dags/clean_sales_dag.py
[2026-02-02T19:36:34.613+0000] {processor.py:830} INFO - Processing file /opt/airflow/dags/clean_sales_dag.py for tasks to queue
[2026-02-02T19:36:34.618+0000] {logging_mixin.py:188} INFO - [2026-02-02T19:36:34.615+0000] {dagbag.py:545} INFO - Filling up the DagBag from /opt/airflow/dags/clean_sales_dag.py
[2026-02-02T19:36:34.655+0000] {processor.py:840} INFO - DAG(s) 'sales_silver_cleaning_pipeline' retrieved from /opt/airflow/dags/clean_sales_dag.py
[2026-02-02T19:36:34.706+0000] {logging_mixin.py:188} INFO - [2026-02-02T19:36:34.705+0000] {dag.py:3089} INFO - Sync 1 DAGs
[2026-02-02T19:36:34.737+0000] {logging_mixin.py:188} INFO - [2026-02-02T19:36:34.736+0000] {dag.py:3947} INFO - Setting next_dagrun for sales_silver_cleaning_pipeline to None, run_after=None
[2026-02-02T19:36:34.805+0000] {processor.py:183} INFO - Processing /opt/airflow/dags/clean_sales_dag.py took 0.207 seconds
[2026-02-02T19:41:24.334+0000] {processor.py:161} INFO - Started process (PID=25) to work on /opt/airflow/dags/clean_sales_dag.py
[2026-02-02T19:41:24.339+0000] {processor.py:830} INFO - Processing file /opt/airflow/dags/clean_sales_dag.py for tasks to queue
[2026-02-02T19:41:24.346+0000] {logging_mixin.py:188} INFO - [2026-02-02T19:41:24.345+0000] {dagbag.py:545} INFO - Filling up the DagBag from /opt/airflow/dags/clean_sales_dag.py
[2026-02-02T19:41:24.510+0000] {processor.py:840} INFO - DAG(s) 'sales_silver_cleaning_pipeline' retrieved from /opt/airflow/dags/clean_sales_dag.py
[2026-02-02T19:41:24.720+0000] {logging_mixin.py:188} INFO - [2026-02-02T19:41:24.720+0000] {dag.py:3089} INFO - Sync 1 DAGs
[2026-02-02T19:41:24.760+0000] {logging_mixin.py:188} INFO - [2026-02-02T19:41:24.759+0000] {dag.py:3947} INFO - Setting next_dagrun for sales_silver_cleaning_pipeline to None, run_after=None
[2026-02-02T19:41:24.822+0000] {processor.py:183} INFO - Processing /opt/airflow/dags/clean_sales_dag.py took 0.505 seconds
[2026-02-02T19:41:55.063+0000] {processor.py:161} INFO - Started process (PID=69) to work on /opt/airflow/dags/clean_sales_dag.py
[2026-02-02T19:41:55.071+0000] {processor.py:830} INFO - Processing file /opt/airflow/dags/clean_sales_dag.py for tasks to queue
[2026-02-02T19:41:55.076+0000] {logging_mixin.py:188} INFO - [2026-02-02T19:41:55.076+0000] {dagbag.py:545} INFO - Filling up the DagBag from /opt/airflow/dags/clean_sales_dag.py
[2026-02-02T19:41:55.131+0000] {processor.py:840} INFO - DAG(s) 'sales_silver_cleaning_pipeline' retrieved from /opt/airflow/dags/clean_sales_dag.py
[2026-02-02T19:41:55.183+0000] {logging_mixin.py:188} INFO - [2026-02-02T19:41:55.183+0000] {dag.py:3089} INFO - Sync 1 DAGs
[2026-02-02T19:41:55.217+0000] {logging_mixin.py:188} INFO - [2026-02-02T19:41:55.216+0000] {dag.py:3947} INFO - Setting next_dagrun for sales_silver_cleaning_pipeline to None, run_after=None
[2026-02-02T19:41:55.257+0000] {processor.py:183} INFO - Processing /opt/airflow/dags/clean_sales_dag.py took 0.219 seconds
[2026-02-02T19:42:25.589+0000] {processor.py:161} INFO - Started process (PID=103) to work on /opt/airflow/dags/clean_sales_dag.py
[2026-02-02T19:42:25.591+0000] {processor.py:830} INFO - Processing file /opt/airflow/dags/clean_sales_dag.py for tasks to queue
[2026-02-02T19:42:25.595+0000] {logging_mixin.py:188} INFO - [2026-02-02T19:42:25.594+0000] {dagbag.py:545} INFO - Filling up the DagBag from /opt/airflow/dags/clean_sales_dag.py
[2026-02-02T19:42:25.633+0000] {processor.py:840} INFO - DAG(s) 'sales_silver_cleaning_pipeline' retrieved from /opt/airflow/dags/clean_sales_dag.py
[2026-02-02T19:42:25.678+0000] {logging_mixin.py:188} INFO - [2026-02-02T19:42:25.678+0000] {dag.py:3089} INFO - Sync 1 DAGs
[2026-02-02T19:42:25.698+0000] {logging_mixin.py:188} INFO - [2026-02-02T19:42:25.698+0000] {dag.py:3947} INFO - Setting next_dagrun for sales_silver_cleaning_pipeline to None, run_after=None
[2026-02-02T19:42:25.773+0000] {processor.py:183} INFO - Processing /opt/airflow/dags/clean_sales_dag.py took 0.192 seconds
[2026-02-02T19:42:55.936+0000] {processor.py:161} INFO - Started process (PID=107) to work on /opt/airflow/dags/clean_sales_dag.py
[2026-02-02T19:42:55.938+0000] {processor.py:830} INFO - Processing file /opt/airflow/dags/clean_sales_dag.py for tasks to queue
[2026-02-02T19:42:55.942+0000] {logging_mixin.py:188} INFO - [2026-02-02T19:42:55.941+0000] {dagbag.py:545} INFO - Filling up the DagBag from /opt/airflow/dags/clean_sales_dag.py
[2026-02-02T19:42:55.981+0000] {processor.py:840} INFO - DAG(s) 'sales_silver_cleaning_pipeline' retrieved from /opt/airflow/dags/clean_sales_dag.py
[2026-02-02T19:42:56.022+0000] {logging_mixin.py:188} INFO - [2026-02-02T19:42:56.022+0000] {dag.py:3089} INFO - Sync 1 DAGs
[2026-02-02T19:42:56.043+0000] {logging_mixin.py:188} INFO - [2026-02-02T19:42:56.043+0000] {dag.py:3947} INFO - Setting next_dagrun for sales_silver_cleaning_pipeline to None, run_after=None
[2026-02-02T19:42:56.124+0000] {processor.py:183} INFO - Processing /opt/airflow/dags/clean_sales_dag.py took 0.197 seconds
[2026-02-02T19:43:26.512+0000] {processor.py:161} INFO - Started process (PID=111) to work on /opt/airflow/dags/clean_sales_dag.py
[2026-02-02T19:43:26.514+0000] {processor.py:830} INFO - Processing file /opt/airflow/dags/clean_sales_dag.py for tasks to queue
[2026-02-02T19:43:26.516+0000] {logging_mixin.py:188} INFO - [2026-02-02T19:43:26.516+0000] {dagbag.py:545} INFO - Filling up the DagBag from /opt/airflow/dags/clean_sales_dag.py
[2026-02-02T19:43:26.553+0000] {processor.py:840} INFO - DAG(s) 'sales_silver_cleaning_pipeline' retrieved from /opt/airflow/dags/clean_sales_dag.py
[2026-02-02T19:43:26.596+0000] {logging_mixin.py:188} INFO - [2026-02-02T19:43:26.596+0000] {dag.py:3089} INFO - Sync 1 DAGs
[2026-02-02T19:43:26.620+0000] {logging_mixin.py:188} INFO - [2026-02-02T19:43:26.620+0000] {dag.py:3947} INFO - Setting next_dagrun for sales_silver_cleaning_pipeline to None, run_after=None
[2026-02-02T19:43:26.696+0000] {processor.py:183} INFO - Processing /opt/airflow/dags/clean_sales_dag.py took 0.191 seconds
[2026-02-02T19:45:36.349+0000] {processor.py:161} INFO - Started process (PID=26) to work on /opt/airflow/dags/clean_sales_dag.py
[2026-02-02T19:45:36.352+0000] {processor.py:830} INFO - Processing file /opt/airflow/dags/clean_sales_dag.py for tasks to queue
[2026-02-02T19:45:36.357+0000] {logging_mixin.py:188} INFO - [2026-02-02T19:45:36.356+0000] {dagbag.py:545} INFO - Filling up the DagBag from /opt/airflow/dags/clean_sales_dag.py
[2026-02-02T19:45:36.411+0000] {processor.py:840} INFO - DAG(s) 'sales_silver_cleaning_pipeline' retrieved from /opt/airflow/dags/clean_sales_dag.py
[2026-02-02T19:45:36.524+0000] {logging_mixin.py:188} INFO - [2026-02-02T19:45:36.524+0000] {dag.py:3089} INFO - Sync 1 DAGs
[2026-02-02T19:45:36.558+0000] {logging_mixin.py:188} INFO - [2026-02-02T19:45:36.557+0000] {dag.py:3947} INFO - Setting next_dagrun for sales_silver_cleaning_pipeline to None, run_after=None
[2026-02-02T19:45:36.607+0000] {processor.py:183} INFO - Processing /opt/airflow/dags/clean_sales_dag.py took 0.272 seconds
[2026-02-02T19:49:42.257+0000] {processor.py:161} INFO - Started process (PID=26) to work on /opt/airflow/dags/clean_sales_dag.py
[2026-02-02T19:49:42.258+0000] {processor.py:830} INFO - Processing file /opt/airflow/dags/clean_sales_dag.py for tasks to queue
[2026-02-02T19:49:42.261+0000] {logging_mixin.py:188} INFO - [2026-02-02T19:49:42.261+0000] {dagbag.py:545} INFO - Filling up the DagBag from /opt/airflow/dags/clean_sales_dag.py
[2026-02-02T19:49:42.293+0000] {processor.py:840} INFO - DAG(s) 'sales_silver_cleaning_pipeline' retrieved from /opt/airflow/dags/clean_sales_dag.py
[2026-02-02T19:49:42.364+0000] {logging_mixin.py:188} INFO - [2026-02-02T19:49:42.363+0000] {dag.py:3089} INFO - Sync 1 DAGs
[2026-02-02T19:49:42.380+0000] {logging_mixin.py:188} INFO - [2026-02-02T19:49:42.380+0000] {dag.py:3947} INFO - Setting next_dagrun for sales_silver_cleaning_pipeline to None, run_after=None
[2026-02-02T19:49:42.405+0000] {processor.py:183} INFO - Processing /opt/airflow/dags/clean_sales_dag.py took 0.160 seconds
[2026-02-02T19:50:12.751+0000] {processor.py:161} INFO - Started process (PID=97) to work on /opt/airflow/dags/clean_sales_dag.py
[2026-02-02T19:50:12.752+0000] {processor.py:830} INFO - Processing file /opt/airflow/dags/clean_sales_dag.py for tasks to queue
[2026-02-02T19:50:12.754+0000] {logging_mixin.py:188} INFO - [2026-02-02T19:50:12.754+0000] {dagbag.py:545} INFO - Filling up the DagBag from /opt/airflow/dags/clean_sales_dag.py
[2026-02-02T19:50:12.787+0000] {processor.py:840} INFO - DAG(s) 'sales_silver_cleaning_pipeline' retrieved from /opt/airflow/dags/clean_sales_dag.py
[2026-02-02T19:50:12.837+0000] {logging_mixin.py:188} INFO - [2026-02-02T19:50:12.836+0000] {dag.py:3089} INFO - Sync 1 DAGs
[2026-02-02T19:50:12.861+0000] {logging_mixin.py:188} INFO - [2026-02-02T19:50:12.860+0000] {dag.py:3947} INFO - Setting next_dagrun for sales_silver_cleaning_pipeline to None, run_after=None
[2026-02-02T19:50:12.896+0000] {processor.py:183} INFO - Processing /opt/airflow/dags/clean_sales_dag.py took 0.152 seconds
[2026-02-02T19:50:43.301+0000] {processor.py:161} INFO - Started process (PID=133) to work on /opt/airflow/dags/clean_sales_dag.py
[2026-02-02T19:50:43.302+0000] {processor.py:830} INFO - Processing file /opt/airflow/dags/clean_sales_dag.py for tasks to queue
[2026-02-02T19:50:43.305+0000] {logging_mixin.py:188} INFO - [2026-02-02T19:50:43.304+0000] {dagbag.py:545} INFO - Filling up the DagBag from /opt/airflow/dags/clean_sales_dag.py
[2026-02-02T19:50:43.330+0000] {processor.py:840} INFO - DAG(s) 'sales_silver_cleaning_pipeline' retrieved from /opt/airflow/dags/clean_sales_dag.py
[2026-02-02T19:50:43.358+0000] {logging_mixin.py:188} INFO - [2026-02-02T19:50:43.358+0000] {dag.py:3089} INFO - Sync 1 DAGs
[2026-02-02T19:50:43.373+0000] {logging_mixin.py:188} INFO - [2026-02-02T19:50:43.373+0000] {dag.py:3947} INFO - Setting next_dagrun for sales_silver_cleaning_pipeline to None, run_after=None
[2026-02-02T19:50:43.401+0000] {processor.py:183} INFO - Processing /opt/airflow/dags/clean_sales_dag.py took 0.107 seconds
[2026-02-02T19:51:13.845+0000] {processor.py:161} INFO - Started process (PID=137) to work on /opt/airflow/dags/clean_sales_dag.py
[2026-02-02T19:51:13.846+0000] {processor.py:830} INFO - Processing file /opt/airflow/dags/clean_sales_dag.py for tasks to queue
[2026-02-02T19:51:13.849+0000] {logging_mixin.py:188} INFO - [2026-02-02T19:51:13.848+0000] {dagbag.py:545} INFO - Filling up the DagBag from /opt/airflow/dags/clean_sales_dag.py
[2026-02-02T19:51:13.880+0000] {processor.py:840} INFO - DAG(s) 'sales_silver_cleaning_pipeline' retrieved from /opt/airflow/dags/clean_sales_dag.py
[2026-02-02T19:51:13.910+0000] {logging_mixin.py:188} INFO - [2026-02-02T19:51:13.910+0000] {dag.py:3089} INFO - Sync 1 DAGs
[2026-02-02T19:51:13.926+0000] {logging_mixin.py:188} INFO - [2026-02-02T19:51:13.926+0000] {dag.py:3947} INFO - Setting next_dagrun for sales_silver_cleaning_pipeline to None, run_after=None
[2026-02-02T19:51:13.952+0000] {processor.py:183} INFO - Processing /opt/airflow/dags/clean_sales_dag.py took 0.115 seconds
[2026-02-02T19:51:44.388+0000] {processor.py:161} INFO - Started process (PID=141) to work on /opt/airflow/dags/clean_sales_dag.py
[2026-02-02T19:51:44.389+0000] {processor.py:830} INFO - Processing file /opt/airflow/dags/clean_sales_dag.py for tasks to queue
[2026-02-02T19:51:44.391+0000] {logging_mixin.py:188} INFO - [2026-02-02T19:51:44.391+0000] {dagbag.py:545} INFO - Filling up the DagBag from /opt/airflow/dags/clean_sales_dag.py
[2026-02-02T19:51:44.418+0000] {processor.py:840} INFO - DAG(s) 'sales_silver_cleaning_pipeline' retrieved from /opt/airflow/dags/clean_sales_dag.py
[2026-02-02T19:51:44.443+0000] {logging_mixin.py:188} INFO - [2026-02-02T19:51:44.442+0000] {dag.py:3089} INFO - Sync 1 DAGs
[2026-02-02T19:51:44.459+0000] {logging_mixin.py:188} INFO - [2026-02-02T19:51:44.459+0000] {dag.py:3947} INFO - Setting next_dagrun for sales_silver_cleaning_pipeline to None, run_after=None
[2026-02-02T19:51:44.487+0000] {processor.py:183} INFO - Processing /opt/airflow/dags/clean_sales_dag.py took 0.106 seconds
[2026-02-02T19:52:14.878+0000] {processor.py:161} INFO - Started process (PID=145) to work on /opt/airflow/dags/clean_sales_dag.py
[2026-02-02T19:52:14.879+0000] {processor.py:830} INFO - Processing file /opt/airflow/dags/clean_sales_dag.py for tasks to queue
[2026-02-02T19:52:14.881+0000] {logging_mixin.py:188} INFO - [2026-02-02T19:52:14.881+0000] {dagbag.py:545} INFO - Filling up the DagBag from /opt/airflow/dags/clean_sales_dag.py
[2026-02-02T19:52:14.912+0000] {processor.py:840} INFO - DAG(s) 'sales_silver_cleaning_pipeline' retrieved from /opt/airflow/dags/clean_sales_dag.py
[2026-02-02T19:52:14.947+0000] {logging_mixin.py:188} INFO - [2026-02-02T19:52:14.947+0000] {dag.py:3089} INFO - Sync 1 DAGs
[2026-02-02T19:52:14.971+0000] {logging_mixin.py:188} INFO - [2026-02-02T19:52:14.971+0000] {dag.py:3947} INFO - Setting next_dagrun for sales_silver_cleaning_pipeline to None, run_after=None
[2026-02-02T19:52:15.004+0000] {processor.py:183} INFO - Processing /opt/airflow/dags/clean_sales_dag.py took 0.132 seconds
[2026-02-02T19:52:45.419+0000] {processor.py:161} INFO - Started process (PID=149) to work on /opt/airflow/dags/clean_sales_dag.py
[2026-02-02T19:52:45.420+0000] {processor.py:830} INFO - Processing file /opt/airflow/dags/clean_sales_dag.py for tasks to queue
[2026-02-02T19:52:45.421+0000] {logging_mixin.py:188} INFO - [2026-02-02T19:52:45.421+0000] {dagbag.py:545} INFO - Filling up the DagBag from /opt/airflow/dags/clean_sales_dag.py
[2026-02-02T19:52:45.445+0000] {processor.py:840} INFO - DAG(s) 'sales_silver_cleaning_pipeline' retrieved from /opt/airflow/dags/clean_sales_dag.py
[2026-02-02T19:52:45.472+0000] {logging_mixin.py:188} INFO - [2026-02-02T19:52:45.472+0000] {dag.py:3089} INFO - Sync 1 DAGs
[2026-02-02T19:52:45.486+0000] {logging_mixin.py:188} INFO - [2026-02-02T19:52:45.485+0000] {dag.py:3947} INFO - Setting next_dagrun for sales_silver_cleaning_pipeline to None, run_after=None
[2026-02-02T19:52:45.513+0000] {processor.py:183} INFO - Processing /opt/airflow/dags/clean_sales_dag.py took 0.100 seconds
[2026-02-02T19:53:15.930+0000] {processor.py:161} INFO - Started process (PID=153) to work on /opt/airflow/dags/clean_sales_dag.py
[2026-02-02T19:53:15.932+0000] {processor.py:830} INFO - Processing file /opt/airflow/dags/clean_sales_dag.py for tasks to queue
[2026-02-02T19:53:15.934+0000] {logging_mixin.py:188} INFO - [2026-02-02T19:53:15.934+0000] {dagbag.py:545} INFO - Filling up the DagBag from /opt/airflow/dags/clean_sales_dag.py
[2026-02-02T19:53:15.970+0000] {processor.py:840} INFO - DAG(s) 'sales_silver_cleaning_pipeline' retrieved from /opt/airflow/dags/clean_sales_dag.py
[2026-02-02T19:53:16.004+0000] {logging_mixin.py:188} INFO - [2026-02-02T19:53:16.004+0000] {dag.py:3089} INFO - Sync 1 DAGs
[2026-02-02T19:53:16.022+0000] {logging_mixin.py:188} INFO - [2026-02-02T19:53:16.022+0000] {dag.py:3947} INFO - Setting next_dagrun for sales_silver_cleaning_pipeline to None, run_after=None
[2026-02-02T19:53:16.052+0000] {processor.py:183} INFO - Processing /opt/airflow/dags/clean_sales_dag.py took 0.128 seconds
[2026-02-02T19:53:46.496+0000] {processor.py:161} INFO - Started process (PID=157) to work on /opt/airflow/dags/clean_sales_dag.py
[2026-02-02T19:53:46.497+0000] {processor.py:830} INFO - Processing file /opt/airflow/dags/clean_sales_dag.py for tasks to queue
[2026-02-02T19:53:46.501+0000] {logging_mixin.py:188} INFO - [2026-02-02T19:53:46.501+0000] {dagbag.py:545} INFO - Filling up the DagBag from /opt/airflow/dags/clean_sales_dag.py
[2026-02-02T19:53:46.540+0000] {processor.py:840} INFO - DAG(s) 'sales_silver_cleaning_pipeline' retrieved from /opt/airflow/dags/clean_sales_dag.py
[2026-02-02T19:53:46.583+0000] {logging_mixin.py:188} INFO - [2026-02-02T19:53:46.583+0000] {dag.py:3089} INFO - Sync 1 DAGs
[2026-02-02T19:53:46.607+0000] {logging_mixin.py:188} INFO - [2026-02-02T19:53:46.606+0000] {dag.py:3947} INFO - Setting next_dagrun for sales_silver_cleaning_pipeline to None, run_after=None
[2026-02-02T19:53:46.647+0000] {processor.py:183} INFO - Processing /opt/airflow/dags/clean_sales_dag.py took 0.157 seconds
[2026-02-02T19:54:16.934+0000] {processor.py:161} INFO - Started process (PID=161) to work on /opt/airflow/dags/clean_sales_dag.py
[2026-02-02T19:54:16.935+0000] {processor.py:830} INFO - Processing file /opt/airflow/dags/clean_sales_dag.py for tasks to queue
[2026-02-02T19:54:16.937+0000] {logging_mixin.py:188} INFO - [2026-02-02T19:54:16.937+0000] {dagbag.py:545} INFO - Filling up the DagBag from /opt/airflow/dags/clean_sales_dag.py
[2026-02-02T19:54:16.958+0000] {processor.py:840} INFO - DAG(s) 'sales_silver_cleaning_pipeline' retrieved from /opt/airflow/dags/clean_sales_dag.py
[2026-02-02T19:54:16.981+0000] {logging_mixin.py:188} INFO - [2026-02-02T19:54:16.981+0000] {dag.py:3089} INFO - Sync 1 DAGs
[2026-02-02T19:54:16.995+0000] {logging_mixin.py:188} INFO - [2026-02-02T19:54:16.995+0000] {dag.py:3947} INFO - Setting next_dagrun for sales_silver_cleaning_pipeline to None, run_after=None
[2026-02-02T19:54:17.021+0000] {processor.py:183} INFO - Processing /opt/airflow/dags/clean_sales_dag.py took 0.093 seconds
[2026-02-02T19:54:47.551+0000] {processor.py:161} INFO - Started process (PID=165) to work on /opt/airflow/dags/clean_sales_dag.py
[2026-02-02T19:54:47.552+0000] {processor.py:830} INFO - Processing file /opt/airflow/dags/clean_sales_dag.py for tasks to queue
[2026-02-02T19:54:47.554+0000] {logging_mixin.py:188} INFO - [2026-02-02T19:54:47.554+0000] {dagbag.py:545} INFO - Filling up the DagBag from /opt/airflow/dags/clean_sales_dag.py
[2026-02-02T19:54:47.573+0000] {processor.py:840} INFO - DAG(s) 'sales_silver_cleaning_pipeline' retrieved from /opt/airflow/dags/clean_sales_dag.py
[2026-02-02T19:54:47.602+0000] {logging_mixin.py:188} INFO - [2026-02-02T19:54:47.602+0000] {dag.py:3089} INFO - Sync 1 DAGs
[2026-02-02T19:54:47.618+0000] {logging_mixin.py:188} INFO - [2026-02-02T19:54:47.618+0000] {dag.py:3947} INFO - Setting next_dagrun for sales_silver_cleaning_pipeline to None, run_after=None
[2026-02-02T19:54:47.646+0000] {processor.py:183} INFO - Processing /opt/airflow/dags/clean_sales_dag.py took 0.101 seconds
[2026-02-02T19:56:14.693+0000] {processor.py:161} INFO - Started process (PID=25) to work on /opt/airflow/dags/clean_sales_dag.py
[2026-02-02T19:56:14.694+0000] {processor.py:830} INFO - Processing file /opt/airflow/dags/clean_sales_dag.py for tasks to queue
[2026-02-02T19:56:14.697+0000] {logging_mixin.py:188} INFO - [2026-02-02T19:56:14.696+0000] {dagbag.py:545} INFO - Filling up the DagBag from /opt/airflow/dags/clean_sales_dag.py
[2026-02-02T19:56:14.727+0000] {processor.py:840} INFO - DAG(s) 'sales_silver_cleaning_pipeline' retrieved from /opt/airflow/dags/clean_sales_dag.py
[2026-02-02T19:56:14.953+0000] {logging_mixin.py:188} INFO - [2026-02-02T19:56:14.953+0000] {dag.py:3089} INFO - Sync 1 DAGs
[2026-02-02T19:56:14.963+0000] {logging_mixin.py:188} INFO - [2026-02-02T19:56:14.963+0000] {dag.py:3111} INFO - Creating ORM DAG for sales_silver_cleaning_pipeline
[2026-02-02T19:56:14.964+0000] {logging_mixin.py:188} INFO - [2026-02-02T19:56:14.964+0000] {dag.py:3947} INFO - Setting next_dagrun for sales_silver_cleaning_pipeline to None, run_after=None
[2026-02-02T19:56:14.990+0000] {processor.py:183} INFO - Processing /opt/airflow/dags/clean_sales_dag.py took 0.305 seconds
[2026-02-02T19:56:45.371+0000] {processor.py:161} INFO - Started process (PID=79) to work on /opt/airflow/dags/clean_sales_dag.py
[2026-02-02T19:56:45.372+0000] {processor.py:830} INFO - Processing file /opt/airflow/dags/clean_sales_dag.py for tasks to queue
[2026-02-02T19:56:45.373+0000] {logging_mixin.py:188} INFO - [2026-02-02T19:56:45.373+0000] {dagbag.py:545} INFO - Filling up the DagBag from /opt/airflow/dags/clean_sales_dag.py
[2026-02-02T19:56:45.392+0000] {processor.py:840} INFO - DAG(s) 'sales_silver_cleaning_pipeline' retrieved from /opt/airflow/dags/clean_sales_dag.py
[2026-02-02T19:56:45.414+0000] {logging_mixin.py:188} INFO - [2026-02-02T19:56:45.414+0000] {dag.py:3089} INFO - Sync 1 DAGs
[2026-02-02T19:56:45.426+0000] {logging_mixin.py:188} INFO - [2026-02-02T19:56:45.425+0000] {dag.py:3947} INFO - Setting next_dagrun for sales_silver_cleaning_pipeline to None, run_after=None
[2026-02-02T19:56:45.459+0000] {processor.py:183} INFO - Processing /opt/airflow/dags/clean_sales_dag.py took 0.094 seconds
[2026-02-02T19:57:15.951+0000] {processor.py:161} INFO - Started process (PID=83) to work on /opt/airflow/dags/clean_sales_dag.py
[2026-02-02T19:57:15.952+0000] {processor.py:830} INFO - Processing file /opt/airflow/dags/clean_sales_dag.py for tasks to queue
[2026-02-02T19:57:15.953+0000] {logging_mixin.py:188} INFO - [2026-02-02T19:57:15.953+0000] {dagbag.py:545} INFO - Filling up the DagBag from /opt/airflow/dags/clean_sales_dag.py
[2026-02-02T19:57:15.972+0000] {processor.py:840} INFO - DAG(s) 'sales_silver_cleaning_pipeline' retrieved from /opt/airflow/dags/clean_sales_dag.py
[2026-02-02T19:57:15.996+0000] {logging_mixin.py:188} INFO - [2026-02-02T19:57:15.996+0000] {dag.py:3089} INFO - Sync 1 DAGs
[2026-02-02T19:57:16.009+0000] {logging_mixin.py:188} INFO - [2026-02-02T19:57:16.008+0000] {dag.py:3947} INFO - Setting next_dagrun for sales_silver_cleaning_pipeline to None, run_after=None
[2026-02-02T19:57:16.034+0000] {processor.py:183} INFO - Processing /opt/airflow/dags/clean_sales_dag.py took 0.089 seconds
[2026-02-02T19:57:46.411+0000] {processor.py:161} INFO - Started process (PID=87) to work on /opt/airflow/dags/clean_sales_dag.py
[2026-02-02T19:57:46.412+0000] {processor.py:830} INFO - Processing file /opt/airflow/dags/clean_sales_dag.py for tasks to queue
[2026-02-02T19:57:46.414+0000] {logging_mixin.py:188} INFO - [2026-02-02T19:57:46.414+0000] {dagbag.py:545} INFO - Filling up the DagBag from /opt/airflow/dags/clean_sales_dag.py
[2026-02-02T19:57:46.432+0000] {processor.py:840} INFO - DAG(s) 'sales_silver_cleaning_pipeline' retrieved from /opt/airflow/dags/clean_sales_dag.py
[2026-02-02T19:57:46.455+0000] {logging_mixin.py:188} INFO - [2026-02-02T19:57:46.455+0000] {dag.py:3089} INFO - Sync 1 DAGs
[2026-02-02T19:57:46.468+0000] {logging_mixin.py:188} INFO - [2026-02-02T19:57:46.468+0000] {dag.py:3947} INFO - Setting next_dagrun for sales_silver_cleaning_pipeline to None, run_after=None
[2026-02-02T19:57:46.493+0000] {processor.py:183} INFO - Processing /opt/airflow/dags/clean_sales_dag.py took 0.087 seconds
[2026-02-02T19:58:16.983+0000] {processor.py:161} INFO - Started process (PID=91) to work on /opt/airflow/dags/clean_sales_dag.py
[2026-02-02T19:58:16.984+0000] {processor.py:830} INFO - Processing file /opt/airflow/dags/clean_sales_dag.py for tasks to queue
[2026-02-02T19:58:16.986+0000] {logging_mixin.py:188} INFO - [2026-02-02T19:58:16.985+0000] {dagbag.py:545} INFO - Filling up the DagBag from /opt/airflow/dags/clean_sales_dag.py
[2026-02-02T19:58:17.002+0000] {processor.py:840} INFO - DAG(s) 'sales_silver_cleaning_pipeline' retrieved from /opt/airflow/dags/clean_sales_dag.py
[2026-02-02T19:58:17.023+0000] {logging_mixin.py:188} INFO - [2026-02-02T19:58:17.023+0000] {dag.py:3089} INFO - Sync 1 DAGs
[2026-02-02T19:58:17.036+0000] {logging_mixin.py:188} INFO - [2026-02-02T19:58:17.036+0000] {dag.py:3947} INFO - Setting next_dagrun for sales_silver_cleaning_pipeline to None, run_after=None
[2026-02-02T19:58:17.069+0000] {processor.py:183} INFO - Processing /opt/airflow/dags/clean_sales_dag.py took 0.091 seconds
[2026-02-02T19:58:47.446+0000] {processor.py:161} INFO - Started process (PID=95) to work on /opt/airflow/dags/clean_sales_dag.py
[2026-02-02T19:58:47.448+0000] {processor.py:830} INFO - Processing file /opt/airflow/dags/clean_sales_dag.py for tasks to queue
[2026-02-02T19:58:47.450+0000] {logging_mixin.py:188} INFO - [2026-02-02T19:58:47.449+0000] {dagbag.py:545} INFO - Filling up the DagBag from /opt/airflow/dags/clean_sales_dag.py
[2026-02-02T19:58:47.479+0000] {processor.py:840} INFO - DAG(s) 'sales_silver_cleaning_pipeline' retrieved from /opt/airflow/dags/clean_sales_dag.py
[2026-02-02T19:58:47.512+0000] {logging_mixin.py:188} INFO - [2026-02-02T19:58:47.511+0000] {dag.py:3089} INFO - Sync 1 DAGs
[2026-02-02T19:58:47.536+0000] {logging_mixin.py:188} INFO - [2026-02-02T19:58:47.536+0000] {dag.py:3947} INFO - Setting next_dagrun for sales_silver_cleaning_pipeline to None, run_after=None
[2026-02-02T19:58:47.562+0000] {processor.py:183} INFO - Processing /opt/airflow/dags/clean_sales_dag.py took 0.125 seconds
[2026-02-02T19:59:53.262+0000] {processor.py:161} INFO - Started process (PID=25) to work on /opt/airflow/dags/clean_sales_dag.py
[2026-02-02T19:59:53.264+0000] {processor.py:830} INFO - Processing file /opt/airflow/dags/clean_sales_dag.py for tasks to queue
[2026-02-02T19:59:53.266+0000] {logging_mixin.py:188} INFO - [2026-02-02T19:59:53.266+0000] {dagbag.py:545} INFO - Filling up the DagBag from /opt/airflow/dags/clean_sales_dag.py
[2026-02-02T19:59:53.289+0000] {processor.py:840} INFO - DAG(s) 'sales_silver_cleaning_pipeline' retrieved from /opt/airflow/dags/clean_sales_dag.py
[2026-02-02T19:59:53.335+0000] {logging_mixin.py:188} INFO - [2026-02-02T19:59:53.335+0000] {dag.py:3089} INFO - Sync 1 DAGs
[2026-02-02T19:59:53.348+0000] {logging_mixin.py:188} INFO - [2026-02-02T19:59:53.347+0000] {dag.py:3947} INFO - Setting next_dagrun for sales_silver_cleaning_pipeline to None, run_after=None
[2026-02-02T19:59:53.371+0000] {processor.py:183} INFO - Processing /opt/airflow/dags/clean_sales_dag.py took 0.115 seconds
[2026-02-02T20:00:23.648+0000] {processor.py:161} INFO - Started process (PID=79) to work on /opt/airflow/dags/clean_sales_dag.py
[2026-02-02T20:00:23.649+0000] {processor.py:830} INFO - Processing file /opt/airflow/dags/clean_sales_dag.py for tasks to queue
[2026-02-02T20:00:23.650+0000] {logging_mixin.py:188} INFO - [2026-02-02T20:00:23.650+0000] {dagbag.py:545} INFO - Filling up the DagBag from /opt/airflow/dags/clean_sales_dag.py
[2026-02-02T20:00:23.668+0000] {processor.py:840} INFO - DAG(s) 'sales_silver_cleaning_pipeline' retrieved from /opt/airflow/dags/clean_sales_dag.py
[2026-02-02T20:00:23.692+0000] {logging_mixin.py:188} INFO - [2026-02-02T20:00:23.692+0000] {dag.py:3089} INFO - Sync 1 DAGs
[2026-02-02T20:00:23.704+0000] {logging_mixin.py:188} INFO - [2026-02-02T20:00:23.704+0000] {dag.py:3947} INFO - Setting next_dagrun for sales_silver_cleaning_pipeline to None, run_after=None
[2026-02-02T20:00:23.737+0000] {processor.py:183} INFO - Processing /opt/airflow/dags/clean_sales_dag.py took 0.094 seconds
[2026-02-02T20:00:54.178+0000] {processor.py:161} INFO - Started process (PID=83) to work on /opt/airflow/dags/clean_sales_dag.py
[2026-02-02T20:00:54.179+0000] {processor.py:830} INFO - Processing file /opt/airflow/dags/clean_sales_dag.py for tasks to queue
[2026-02-02T20:00:54.181+0000] {logging_mixin.py:188} INFO - [2026-02-02T20:00:54.180+0000] {dagbag.py:545} INFO - Filling up the DagBag from /opt/airflow/dags/clean_sales_dag.py
[2026-02-02T20:00:54.196+0000] {processor.py:840} INFO - DAG(s) 'sales_silver_cleaning_pipeline' retrieved from /opt/airflow/dags/clean_sales_dag.py
[2026-02-02T20:00:54.222+0000] {logging_mixin.py:188} INFO - [2026-02-02T20:00:54.221+0000] {dag.py:3089} INFO - Sync 1 DAGs
[2026-02-02T20:00:54.235+0000] {logging_mixin.py:188} INFO - [2026-02-02T20:00:54.235+0000] {dag.py:3947} INFO - Setting next_dagrun for sales_silver_cleaning_pipeline to None, run_after=None
[2026-02-02T20:00:54.258+0000] {processor.py:183} INFO - Processing /opt/airflow/dags/clean_sales_dag.py took 0.086 seconds
[2026-02-02T20:01:24.663+0000] {processor.py:161} INFO - Started process (PID=87) to work on /opt/airflow/dags/clean_sales_dag.py
[2026-02-02T20:01:24.665+0000] {processor.py:830} INFO - Processing file /opt/airflow/dags/clean_sales_dag.py for tasks to queue
[2026-02-02T20:01:24.667+0000] {logging_mixin.py:188} INFO - [2026-02-02T20:01:24.667+0000] {dagbag.py:545} INFO - Filling up the DagBag from /opt/airflow/dags/clean_sales_dag.py
[2026-02-02T20:01:24.695+0000] {processor.py:840} INFO - DAG(s) 'sales_silver_cleaning_pipeline' retrieved from /opt/airflow/dags/clean_sales_dag.py
[2026-02-02T20:01:24.720+0000] {logging_mixin.py:188} INFO - [2026-02-02T20:01:24.720+0000] {dag.py:3089} INFO - Sync 1 DAGs
[2026-02-02T20:01:24.733+0000] {logging_mixin.py:188} INFO - [2026-02-02T20:01:24.733+0000] {dag.py:3947} INFO - Setting next_dagrun for sales_silver_cleaning_pipeline to None, run_after=None
[2026-02-02T20:01:24.755+0000] {processor.py:183} INFO - Processing /opt/airflow/dags/clean_sales_dag.py took 0.097 seconds
[2026-02-02T20:01:55.142+0000] {processor.py:161} INFO - Started process (PID=101) to work on /opt/airflow/dags/clean_sales_dag.py
[2026-02-02T20:01:55.142+0000] {processor.py:830} INFO - Processing file /opt/airflow/dags/clean_sales_dag.py for tasks to queue
[2026-02-02T20:01:55.144+0000] {logging_mixin.py:188} INFO - [2026-02-02T20:01:55.144+0000] {dagbag.py:545} INFO - Filling up the DagBag from /opt/airflow/dags/clean_sales_dag.py
[2026-02-02T20:01:55.161+0000] {processor.py:840} INFO - DAG(s) 'sales_silver_cleaning_pipeline' retrieved from /opt/airflow/dags/clean_sales_dag.py
[2026-02-02T20:01:55.184+0000] {logging_mixin.py:188} INFO - [2026-02-02T20:01:55.184+0000] {dag.py:3089} INFO - Sync 1 DAGs
[2026-02-02T20:01:55.200+0000] {logging_mixin.py:188} INFO - [2026-02-02T20:01:55.200+0000] {dag.py:3947} INFO - Setting next_dagrun for sales_silver_cleaning_pipeline to None, run_after=None
[2026-02-02T20:01:55.223+0000] {processor.py:183} INFO - Processing /opt/airflow/dags/clean_sales_dag.py took 0.086 seconds
[2026-02-02T20:02:25.633+0000] {processor.py:161} INFO - Started process (PID=105) to work on /opt/airflow/dags/clean_sales_dag.py
[2026-02-02T20:02:25.634+0000] {processor.py:830} INFO - Processing file /opt/airflow/dags/clean_sales_dag.py for tasks to queue
[2026-02-02T20:02:25.637+0000] {logging_mixin.py:188} INFO - [2026-02-02T20:02:25.636+0000] {dagbag.py:545} INFO - Filling up the DagBag from /opt/airflow/dags/clean_sales_dag.py
[2026-02-02T20:02:25.660+0000] {processor.py:840} INFO - DAG(s) 'sales_silver_cleaning_pipeline' retrieved from /opt/airflow/dags/clean_sales_dag.py
[2026-02-02T20:02:25.685+0000] {logging_mixin.py:188} INFO - [2026-02-02T20:02:25.685+0000] {dag.py:3089} INFO - Sync 1 DAGs
[2026-02-02T20:02:25.698+0000] {logging_mixin.py:188} INFO - [2026-02-02T20:02:25.698+0000] {dag.py:3947} INFO - Setting next_dagrun for sales_silver_cleaning_pipeline to None, run_after=None
[2026-02-02T20:02:25.719+0000] {processor.py:183} INFO - Processing /opt/airflow/dags/clean_sales_dag.py took 0.091 seconds
[2026-02-02T20:02:56.200+0000] {processor.py:161} INFO - Started process (PID=109) to work on /opt/airflow/dags/clean_sales_dag.py
[2026-02-02T20:02:56.201+0000] {processor.py:830} INFO - Processing file /opt/airflow/dags/clean_sales_dag.py for tasks to queue
[2026-02-02T20:02:56.205+0000] {logging_mixin.py:188} INFO - [2026-02-02T20:02:56.204+0000] {dagbag.py:545} INFO - Filling up the DagBag from /opt/airflow/dags/clean_sales_dag.py
[2026-02-02T20:02:56.229+0000] {processor.py:840} INFO - DAG(s) 'sales_silver_cleaning_pipeline' retrieved from /opt/airflow/dags/clean_sales_dag.py
[2026-02-02T20:02:56.253+0000] {logging_mixin.py:188} INFO - [2026-02-02T20:02:56.253+0000] {dag.py:3089} INFO - Sync 1 DAGs
[2026-02-02T20:02:56.267+0000] {logging_mixin.py:188} INFO - [2026-02-02T20:02:56.267+0000] {dag.py:3947} INFO - Setting next_dagrun for sales_silver_cleaning_pipeline to None, run_after=None
[2026-02-02T20:02:56.291+0000] {processor.py:183} INFO - Processing /opt/airflow/dags/clean_sales_dag.py took 0.097 seconds
[2026-02-02T20:03:26.710+0000] {processor.py:161} INFO - Started process (PID=113) to work on /opt/airflow/dags/clean_sales_dag.py
[2026-02-02T20:03:26.711+0000] {processor.py:830} INFO - Processing file /opt/airflow/dags/clean_sales_dag.py for tasks to queue
[2026-02-02T20:03:26.713+0000] {logging_mixin.py:188} INFO - [2026-02-02T20:03:26.712+0000] {dagbag.py:545} INFO - Filling up the DagBag from /opt/airflow/dags/clean_sales_dag.py
[2026-02-02T20:03:26.730+0000] {processor.py:840} INFO - DAG(s) 'sales_silver_cleaning_pipeline' retrieved from /opt/airflow/dags/clean_sales_dag.py
[2026-02-02T20:03:26.757+0000] {logging_mixin.py:188} INFO - [2026-02-02T20:03:26.757+0000] {dag.py:3089} INFO - Sync 1 DAGs
[2026-02-02T20:03:26.771+0000] {logging_mixin.py:188} INFO - [2026-02-02T20:03:26.771+0000] {dag.py:3947} INFO - Setting next_dagrun for sales_silver_cleaning_pipeline to None, run_after=None
[2026-02-02T20:03:26.795+0000] {processor.py:183} INFO - Processing /opt/airflow/dags/clean_sales_dag.py took 0.091 seconds
[2026-02-02T20:03:57.233+0000] {processor.py:161} INFO - Started process (PID=117) to work on /opt/airflow/dags/clean_sales_dag.py
[2026-02-02T20:03:57.234+0000] {processor.py:830} INFO - Processing file /opt/airflow/dags/clean_sales_dag.py for tasks to queue
[2026-02-02T20:03:57.236+0000] {logging_mixin.py:188} INFO - [2026-02-02T20:03:57.235+0000] {dagbag.py:545} INFO - Filling up the DagBag from /opt/airflow/dags/clean_sales_dag.py
[2026-02-02T20:03:57.253+0000] {processor.py:840} INFO - DAG(s) 'sales_silver_cleaning_pipeline' retrieved from /opt/airflow/dags/clean_sales_dag.py
[2026-02-02T20:03:57.280+0000] {logging_mixin.py:188} INFO - [2026-02-02T20:03:57.280+0000] {dag.py:3089} INFO - Sync 1 DAGs
[2026-02-02T20:03:57.295+0000] {logging_mixin.py:188} INFO - [2026-02-02T20:03:57.295+0000] {dag.py:3947} INFO - Setting next_dagrun for sales_silver_cleaning_pipeline to None, run_after=None
[2026-02-02T20:03:57.319+0000] {processor.py:183} INFO - Processing /opt/airflow/dags/clean_sales_dag.py took 0.092 seconds
[2026-02-02T20:04:27.748+0000] {processor.py:161} INFO - Started process (PID=121) to work on /opt/airflow/dags/clean_sales_dag.py
[2026-02-02T20:04:27.749+0000] {processor.py:830} INFO - Processing file /opt/airflow/dags/clean_sales_dag.py for tasks to queue
[2026-02-02T20:04:27.751+0000] {logging_mixin.py:188} INFO - [2026-02-02T20:04:27.751+0000] {dagbag.py:545} INFO - Filling up the DagBag from /opt/airflow/dags/clean_sales_dag.py
[2026-02-02T20:04:27.773+0000] {processor.py:840} INFO - DAG(s) 'sales_silver_cleaning_pipeline' retrieved from /opt/airflow/dags/clean_sales_dag.py
[2026-02-02T20:04:27.800+0000] {logging_mixin.py:188} INFO - [2026-02-02T20:04:27.799+0000] {dag.py:3089} INFO - Sync 1 DAGs
[2026-02-02T20:04:27.814+0000] {logging_mixin.py:188} INFO - [2026-02-02T20:04:27.814+0000] {dag.py:3947} INFO - Setting next_dagrun for sales_silver_cleaning_pipeline to None, run_after=None
[2026-02-02T20:04:27.849+0000] {processor.py:183} INFO - Processing /opt/airflow/dags/clean_sales_dag.py took 0.109 seconds
[2026-02-02T20:04:58.490+0000] {processor.py:161} INFO - Started process (PID=125) to work on /opt/airflow/dags/clean_sales_dag.py
[2026-02-02T20:04:58.491+0000] {processor.py:830} INFO - Processing file /opt/airflow/dags/clean_sales_dag.py for tasks to queue
[2026-02-02T20:04:58.493+0000] {logging_mixin.py:188} INFO - [2026-02-02T20:04:58.493+0000] {dagbag.py:545} INFO - Filling up the DagBag from /opt/airflow/dags/clean_sales_dag.py
[2026-02-02T20:04:58.508+0000] {processor.py:840} INFO - DAG(s) 'sales_silver_cleaning_pipeline' retrieved from /opt/airflow/dags/clean_sales_dag.py
[2026-02-02T20:04:58.530+0000] {logging_mixin.py:188} INFO - [2026-02-02T20:04:58.530+0000] {dag.py:3089} INFO - Sync 1 DAGs
[2026-02-02T20:04:58.544+0000] {logging_mixin.py:188} INFO - [2026-02-02T20:04:58.544+0000] {dag.py:3947} INFO - Setting next_dagrun for sales_silver_cleaning_pipeline to None, run_after=None
[2026-02-02T20:04:58.567+0000] {processor.py:183} INFO - Processing /opt/airflow/dags/clean_sales_dag.py took 0.082 seconds
[2026-02-02T20:05:28.969+0000] {processor.py:161} INFO - Started process (PID=179) to work on /opt/airflow/dags/clean_sales_dag.py
[2026-02-02T20:05:28.970+0000] {processor.py:830} INFO - Processing file /opt/airflow/dags/clean_sales_dag.py for tasks to queue
[2026-02-02T20:05:28.971+0000] {logging_mixin.py:188} INFO - [2026-02-02T20:05:28.971+0000] {dagbag.py:545} INFO - Filling up the DagBag from /opt/airflow/dags/clean_sales_dag.py
[2026-02-02T20:05:28.991+0000] {processor.py:840} INFO - DAG(s) 'sales_silver_cleaning_pipeline' retrieved from /opt/airflow/dags/clean_sales_dag.py
[2026-02-02T20:05:29.013+0000] {logging_mixin.py:188} INFO - [2026-02-02T20:05:29.013+0000] {dag.py:3089} INFO - Sync 1 DAGs
[2026-02-02T20:05:29.025+0000] {logging_mixin.py:188} INFO - [2026-02-02T20:05:29.025+0000] {dag.py:3947} INFO - Setting next_dagrun for sales_silver_cleaning_pipeline to None, run_after=None
[2026-02-02T20:05:29.047+0000] {processor.py:183} INFO - Processing /opt/airflow/dags/clean_sales_dag.py took 0.083 seconds
[2026-02-02T20:05:59.626+0000] {processor.py:161} INFO - Started process (PID=183) to work on /opt/airflow/dags/clean_sales_dag.py
[2026-02-02T20:05:59.627+0000] {processor.py:830} INFO - Processing file /opt/airflow/dags/clean_sales_dag.py for tasks to queue
[2026-02-02T20:05:59.632+0000] {logging_mixin.py:188} INFO - [2026-02-02T20:05:59.632+0000] {dagbag.py:545} INFO - Filling up the DagBag from /opt/airflow/dags/clean_sales_dag.py
[2026-02-02T20:05:59.660+0000] {processor.py:840} INFO - DAG(s) 'sales_silver_cleaning_pipeline' retrieved from /opt/airflow/dags/clean_sales_dag.py
[2026-02-02T20:05:59.691+0000] {logging_mixin.py:188} INFO - [2026-02-02T20:05:59.690+0000] {dag.py:3089} INFO - Sync 1 DAGs
[2026-02-02T20:05:59.704+0000] {logging_mixin.py:188} INFO - [2026-02-02T20:05:59.703+0000] {dag.py:3947} INFO - Setting next_dagrun for sales_silver_cleaning_pipeline to None, run_after=None
[2026-02-02T20:05:59.724+0000] {processor.py:183} INFO - Processing /opt/airflow/dags/clean_sales_dag.py took 0.105 seconds
[2026-02-02T20:06:30.234+0000] {processor.py:161} INFO - Started process (PID=187) to work on /opt/airflow/dags/clean_sales_dag.py
[2026-02-02T20:06:30.235+0000] {processor.py:830} INFO - Processing file /opt/airflow/dags/clean_sales_dag.py for tasks to queue
[2026-02-02T20:06:30.236+0000] {logging_mixin.py:188} INFO - [2026-02-02T20:06:30.236+0000] {dagbag.py:545} INFO - Filling up the DagBag from /opt/airflow/dags/clean_sales_dag.py
[2026-02-02T20:06:30.252+0000] {processor.py:840} INFO - DAG(s) 'sales_silver_cleaning_pipeline' retrieved from /opt/airflow/dags/clean_sales_dag.py
[2026-02-02T20:06:30.275+0000] {logging_mixin.py:188} INFO - [2026-02-02T20:06:30.275+0000] {dag.py:3089} INFO - Sync 1 DAGs
[2026-02-02T20:06:30.288+0000] {logging_mixin.py:188} INFO - [2026-02-02T20:06:30.287+0000] {dag.py:3947} INFO - Setting next_dagrun for sales_silver_cleaning_pipeline to None, run_after=None
[2026-02-02T20:06:30.308+0000] {processor.py:183} INFO - Processing /opt/airflow/dags/clean_sales_dag.py took 0.079 seconds
[2026-02-02T20:07:00.794+0000] {processor.py:161} INFO - Started process (PID=191) to work on /opt/airflow/dags/clean_sales_dag.py
[2026-02-02T20:07:00.795+0000] {processor.py:830} INFO - Processing file /opt/airflow/dags/clean_sales_dag.py for tasks to queue
[2026-02-02T20:07:00.797+0000] {logging_mixin.py:188} INFO - [2026-02-02T20:07:00.797+0000] {dagbag.py:545} INFO - Filling up the DagBag from /opt/airflow/dags/clean_sales_dag.py
[2026-02-02T20:07:00.816+0000] {processor.py:840} INFO - DAG(s) 'sales_silver_cleaning_pipeline' retrieved from /opt/airflow/dags/clean_sales_dag.py
[2026-02-02T20:07:00.840+0000] {logging_mixin.py:188} INFO - [2026-02-02T20:07:00.840+0000] {dag.py:3089} INFO - Sync 1 DAGs
[2026-02-02T20:07:00.855+0000] {logging_mixin.py:188} INFO - [2026-02-02T20:07:00.855+0000] {dag.py:3947} INFO - Setting next_dagrun for sales_silver_cleaning_pipeline to None, run_after=None
[2026-02-02T20:07:00.878+0000] {processor.py:183} INFO - Processing /opt/airflow/dags/clean_sales_dag.py took 0.091 seconds
[2026-02-02T20:07:31.374+0000] {processor.py:161} INFO - Started process (PID=195) to work on /opt/airflow/dags/clean_sales_dag.py
[2026-02-02T20:07:31.376+0000] {processor.py:830} INFO - Processing file /opt/airflow/dags/clean_sales_dag.py for tasks to queue
[2026-02-02T20:07:31.378+0000] {logging_mixin.py:188} INFO - [2026-02-02T20:07:31.378+0000] {dagbag.py:545} INFO - Filling up the DagBag from /opt/airflow/dags/clean_sales_dag.py
[2026-02-02T20:07:31.396+0000] {processor.py:840} INFO - DAG(s) 'sales_silver_cleaning_pipeline' retrieved from /opt/airflow/dags/clean_sales_dag.py
[2026-02-02T20:07:31.418+0000] {logging_mixin.py:188} INFO - [2026-02-02T20:07:31.418+0000] {dag.py:3089} INFO - Sync 1 DAGs
[2026-02-02T20:07:31.430+0000] {logging_mixin.py:188} INFO - [2026-02-02T20:07:31.430+0000] {dag.py:3947} INFO - Setting next_dagrun for sales_silver_cleaning_pipeline to None, run_after=None
[2026-02-02T20:07:31.463+0000] {processor.py:183} INFO - Processing /opt/airflow/dags/clean_sales_dag.py took 0.095 seconds
[2026-02-02T20:08:01.950+0000] {processor.py:161} INFO - Started process (PID=199) to work on /opt/airflow/dags/clean_sales_dag.py
[2026-02-02T20:08:01.951+0000] {processor.py:830} INFO - Processing file /opt/airflow/dags/clean_sales_dag.py for tasks to queue
[2026-02-02T20:08:01.954+0000] {logging_mixin.py:188} INFO - [2026-02-02T20:08:01.954+0000] {dagbag.py:545} INFO - Filling up the DagBag from /opt/airflow/dags/clean_sales_dag.py
[2026-02-02T20:08:01.979+0000] {processor.py:840} INFO - DAG(s) 'sales_silver_cleaning_pipeline' retrieved from /opt/airflow/dags/clean_sales_dag.py
[2026-02-02T20:08:02.013+0000] {logging_mixin.py:188} INFO - [2026-02-02T20:08:02.013+0000] {dag.py:3089} INFO - Sync 1 DAGs
[2026-02-02T20:08:02.028+0000] {logging_mixin.py:188} INFO - [2026-02-02T20:08:02.028+0000] {dag.py:3947} INFO - Setting next_dagrun for sales_silver_cleaning_pipeline to None, run_after=None
[2026-02-02T20:08:02.051+0000] {processor.py:183} INFO - Processing /opt/airflow/dags/clean_sales_dag.py took 0.108 seconds
[2026-02-02T20:08:32.447+0000] {processor.py:161} INFO - Started process (PID=203) to work on /opt/airflow/dags/clean_sales_dag.py
[2026-02-02T20:08:32.449+0000] {processor.py:830} INFO - Processing file /opt/airflow/dags/clean_sales_dag.py for tasks to queue
[2026-02-02T20:08:32.451+0000] {logging_mixin.py:188} INFO - [2026-02-02T20:08:32.450+0000] {dagbag.py:545} INFO - Filling up the DagBag from /opt/airflow/dags/clean_sales_dag.py
[2026-02-02T20:08:32.472+0000] {processor.py:840} INFO - DAG(s) 'sales_silver_cleaning_pipeline' retrieved from /opt/airflow/dags/clean_sales_dag.py
[2026-02-02T20:08:32.504+0000] {logging_mixin.py:188} INFO - [2026-02-02T20:08:32.504+0000] {dag.py:3089} INFO - Sync 1 DAGs
[2026-02-02T20:08:32.521+0000] {logging_mixin.py:188} INFO - [2026-02-02T20:08:32.520+0000] {dag.py:3947} INFO - Setting next_dagrun for sales_silver_cleaning_pipeline to None, run_after=None
[2026-02-02T20:08:32.544+0000] {processor.py:183} INFO - Processing /opt/airflow/dags/clean_sales_dag.py took 0.103 seconds
[2026-02-02T20:09:02.967+0000] {processor.py:161} INFO - Started process (PID=207) to work on /opt/airflow/dags/clean_sales_dag.py
[2026-02-02T20:09:02.969+0000] {processor.py:830} INFO - Processing file /opt/airflow/dags/clean_sales_dag.py for tasks to queue
[2026-02-02T20:09:02.972+0000] {logging_mixin.py:188} INFO - [2026-02-02T20:09:02.971+0000] {dagbag.py:545} INFO - Filling up the DagBag from /opt/airflow/dags/clean_sales_dag.py
[2026-02-02T20:09:03.009+0000] {processor.py:840} INFO - DAG(s) 'sales_silver_cleaning_pipeline' retrieved from /opt/airflow/dags/clean_sales_dag.py
[2026-02-02T20:09:03.042+0000] {logging_mixin.py:188} INFO - [2026-02-02T20:09:03.041+0000] {dag.py:3089} INFO - Sync 1 DAGs
[2026-02-02T20:09:03.059+0000] {logging_mixin.py:188} INFO - [2026-02-02T20:09:03.059+0000] {dag.py:3947} INFO - Setting next_dagrun for sales_silver_cleaning_pipeline to None, run_after=None
[2026-02-02T20:09:03.085+0000] {processor.py:183} INFO - Processing /opt/airflow/dags/clean_sales_dag.py took 0.126 seconds
[2026-02-02T20:09:33.607+0000] {processor.py:161} INFO - Started process (PID=211) to work on /opt/airflow/dags/clean_sales_dag.py
[2026-02-02T20:09:33.608+0000] {processor.py:830} INFO - Processing file /opt/airflow/dags/clean_sales_dag.py for tasks to queue
[2026-02-02T20:09:33.610+0000] {logging_mixin.py:188} INFO - [2026-02-02T20:09:33.610+0000] {dagbag.py:545} INFO - Filling up the DagBag from /opt/airflow/dags/clean_sales_dag.py
[2026-02-02T20:09:33.631+0000] {processor.py:840} INFO - DAG(s) 'sales_silver_cleaning_pipeline' retrieved from /opt/airflow/dags/clean_sales_dag.py
[2026-02-02T20:09:33.654+0000] {logging_mixin.py:188} INFO - [2026-02-02T20:09:33.654+0000] {dag.py:3089} INFO - Sync 1 DAGs
[2026-02-02T20:09:33.667+0000] {logging_mixin.py:188} INFO - [2026-02-02T20:09:33.667+0000] {dag.py:3947} INFO - Setting next_dagrun for sales_silver_cleaning_pipeline to None, run_after=None
[2026-02-02T20:09:33.701+0000] {processor.py:183} INFO - Processing /opt/airflow/dags/clean_sales_dag.py took 0.099 seconds
[2026-02-02T20:10:04.182+0000] {processor.py:161} INFO - Started process (PID=225) to work on /opt/airflow/dags/clean_sales_dag.py
[2026-02-02T20:10:04.184+0000] {processor.py:830} INFO - Processing file /opt/airflow/dags/clean_sales_dag.py for tasks to queue
[2026-02-02T20:10:04.187+0000] {logging_mixin.py:188} INFO - [2026-02-02T20:10:04.186+0000] {dagbag.py:545} INFO - Filling up the DagBag from /opt/airflow/dags/clean_sales_dag.py
[2026-02-02T20:10:04.214+0000] {processor.py:840} INFO - DAG(s) 'sales_silver_cleaning_pipeline' retrieved from /opt/airflow/dags/clean_sales_dag.py
[2026-02-02T20:10:04.243+0000] {logging_mixin.py:188} INFO - [2026-02-02T20:10:04.243+0000] {dag.py:3089} INFO - Sync 1 DAGs
[2026-02-02T20:10:04.262+0000] {logging_mixin.py:188} INFO - [2026-02-02T20:10:04.262+0000] {dag.py:3947} INFO - Setting next_dagrun for sales_silver_cleaning_pipeline to None, run_after=None
[2026-02-02T20:10:04.289+0000] {processor.py:183} INFO - Processing /opt/airflow/dags/clean_sales_dag.py took 0.113 seconds
[2026-02-02T20:10:34.748+0000] {processor.py:161} INFO - Started process (PID=269) to work on /opt/airflow/dags/clean_sales_dag.py
[2026-02-02T20:10:34.749+0000] {processor.py:830} INFO - Processing file /opt/airflow/dags/clean_sales_dag.py for tasks to queue
[2026-02-02T20:10:34.751+0000] {logging_mixin.py:188} INFO - [2026-02-02T20:10:34.750+0000] {dagbag.py:545} INFO - Filling up the DagBag from /opt/airflow/dags/clean_sales_dag.py
[2026-02-02T20:10:34.768+0000] {processor.py:840} INFO - DAG(s) 'sales_silver_cleaning_pipeline' retrieved from /opt/airflow/dags/clean_sales_dag.py
[2026-02-02T20:10:34.791+0000] {logging_mixin.py:188} INFO - [2026-02-02T20:10:34.790+0000] {dag.py:3089} INFO - Sync 1 DAGs
[2026-02-02T20:10:34.807+0000] {logging_mixin.py:188} INFO - [2026-02-02T20:10:34.807+0000] {dag.py:3947} INFO - Setting next_dagrun for sales_silver_cleaning_pipeline to None, run_after=None
[2026-02-02T20:10:34.842+0000] {processor.py:183} INFO - Processing /opt/airflow/dags/clean_sales_dag.py took 0.099 seconds
[2026-02-02T20:11:05.355+0000] {processor.py:161} INFO - Started process (PID=273) to work on /opt/airflow/dags/clean_sales_dag.py
[2026-02-02T20:11:05.356+0000] {processor.py:830} INFO - Processing file /opt/airflow/dags/clean_sales_dag.py for tasks to queue
[2026-02-02T20:11:05.358+0000] {logging_mixin.py:188} INFO - [2026-02-02T20:11:05.357+0000] {dagbag.py:545} INFO - Filling up the DagBag from /opt/airflow/dags/clean_sales_dag.py
[2026-02-02T20:11:05.374+0000] {processor.py:840} INFO - DAG(s) 'sales_silver_cleaning_pipeline' retrieved from /opt/airflow/dags/clean_sales_dag.py
[2026-02-02T20:11:05.396+0000] {logging_mixin.py:188} INFO - [2026-02-02T20:11:05.396+0000] {dag.py:3089} INFO - Sync 1 DAGs
[2026-02-02T20:11:05.409+0000] {logging_mixin.py:188} INFO - [2026-02-02T20:11:05.409+0000] {dag.py:3947} INFO - Setting next_dagrun for sales_silver_cleaning_pipeline to None, run_after=None
[2026-02-02T20:11:05.431+0000] {processor.py:183} INFO - Processing /opt/airflow/dags/clean_sales_dag.py took 0.081 seconds
[2026-02-02T20:11:35.896+0000] {processor.py:161} INFO - Started process (PID=277) to work on /opt/airflow/dags/clean_sales_dag.py
[2026-02-02T20:11:35.897+0000] {processor.py:830} INFO - Processing file /opt/airflow/dags/clean_sales_dag.py for tasks to queue
[2026-02-02T20:11:35.900+0000] {logging_mixin.py:188} INFO - [2026-02-02T20:11:35.900+0000] {dagbag.py:545} INFO - Filling up the DagBag from /opt/airflow/dags/clean_sales_dag.py
[2026-02-02T20:11:35.918+0000] {processor.py:840} INFO - DAG(s) 'sales_silver_cleaning_pipeline' retrieved from /opt/airflow/dags/clean_sales_dag.py
[2026-02-02T20:11:35.946+0000] {logging_mixin.py:188} INFO - [2026-02-02T20:11:35.945+0000] {dag.py:3089} INFO - Sync 1 DAGs
[2026-02-02T20:11:35.960+0000] {logging_mixin.py:188} INFO - [2026-02-02T20:11:35.960+0000] {dag.py:3947} INFO - Setting next_dagrun for sales_silver_cleaning_pipeline to None, run_after=None
[2026-02-02T20:11:35.984+0000] {processor.py:183} INFO - Processing /opt/airflow/dags/clean_sales_dag.py took 0.093 seconds
[2026-02-02T20:12:06.521+0000] {processor.py:161} INFO - Started process (PID=281) to work on /opt/airflow/dags/clean_sales_dag.py
[2026-02-02T20:12:06.522+0000] {processor.py:830} INFO - Processing file /opt/airflow/dags/clean_sales_dag.py for tasks to queue
[2026-02-02T20:12:06.523+0000] {logging_mixin.py:188} INFO - [2026-02-02T20:12:06.523+0000] {dagbag.py:545} INFO - Filling up the DagBag from /opt/airflow/dags/clean_sales_dag.py
[2026-02-02T20:12:06.542+0000] {processor.py:840} INFO - DAG(s) 'sales_silver_cleaning_pipeline' retrieved from /opt/airflow/dags/clean_sales_dag.py
[2026-02-02T20:12:06.564+0000] {logging_mixin.py:188} INFO - [2026-02-02T20:12:06.564+0000] {dag.py:3089} INFO - Sync 1 DAGs
[2026-02-02T20:12:06.578+0000] {logging_mixin.py:188} INFO - [2026-02-02T20:12:06.577+0000] {dag.py:3947} INFO - Setting next_dagrun for sales_silver_cleaning_pipeline to None, run_after=None
[2026-02-02T20:12:06.601+0000] {processor.py:183} INFO - Processing /opt/airflow/dags/clean_sales_dag.py took 0.086 seconds
[2026-02-02T20:12:37.076+0000] {processor.py:161} INFO - Started process (PID=285) to work on /opt/airflow/dags/clean_sales_dag.py
[2026-02-02T20:12:37.077+0000] {processor.py:830} INFO - Processing file /opt/airflow/dags/clean_sales_dag.py for tasks to queue
[2026-02-02T20:12:37.078+0000] {logging_mixin.py:188} INFO - [2026-02-02T20:12:37.078+0000] {dagbag.py:545} INFO - Filling up the DagBag from /opt/airflow/dags/clean_sales_dag.py
[2026-02-02T20:12:37.097+0000] {processor.py:840} INFO - DAG(s) 'sales_silver_cleaning_pipeline' retrieved from /opt/airflow/dags/clean_sales_dag.py
[2026-02-02T20:12:37.122+0000] {logging_mixin.py:188} INFO - [2026-02-02T20:12:37.122+0000] {dag.py:3089} INFO - Sync 1 DAGs
[2026-02-02T20:12:37.136+0000] {logging_mixin.py:188} INFO - [2026-02-02T20:12:37.135+0000] {dag.py:3947} INFO - Setting next_dagrun for sales_silver_cleaning_pipeline to None, run_after=None
[2026-02-02T20:12:37.169+0000] {processor.py:183} INFO - Processing /opt/airflow/dags/clean_sales_dag.py took 0.098 seconds
[2026-02-02T20:13:07.680+0000] {processor.py:161} INFO - Started process (PID=289) to work on /opt/airflow/dags/clean_sales_dag.py
[2026-02-02T20:13:07.680+0000] {processor.py:830} INFO - Processing file /opt/airflow/dags/clean_sales_dag.py for tasks to queue
[2026-02-02T20:13:07.682+0000] {logging_mixin.py:188} INFO - [2026-02-02T20:13:07.682+0000] {dagbag.py:545} INFO - Filling up the DagBag from /opt/airflow/dags/clean_sales_dag.py
[2026-02-02T20:13:07.699+0000] {processor.py:840} INFO - DAG(s) 'sales_silver_cleaning_pipeline' retrieved from /opt/airflow/dags/clean_sales_dag.py
[2026-02-02T20:13:07.725+0000] {logging_mixin.py:188} INFO - [2026-02-02T20:13:07.724+0000] {dag.py:3089} INFO - Sync 1 DAGs
[2026-02-02T20:13:07.738+0000] {logging_mixin.py:188} INFO - [2026-02-02T20:13:07.738+0000] {dag.py:3947} INFO - Setting next_dagrun for sales_silver_cleaning_pipeline to None, run_after=None
[2026-02-02T20:13:07.761+0000] {processor.py:183} INFO - Processing /opt/airflow/dags/clean_sales_dag.py took 0.086 seconds
[2026-02-02T20:13:38.235+0000] {processor.py:161} INFO - Started process (PID=293) to work on /opt/airflow/dags/clean_sales_dag.py
[2026-02-02T20:13:38.236+0000] {processor.py:830} INFO - Processing file /opt/airflow/dags/clean_sales_dag.py for tasks to queue
[2026-02-02T20:13:38.238+0000] {logging_mixin.py:188} INFO - [2026-02-02T20:13:38.238+0000] {dagbag.py:545} INFO - Filling up the DagBag from /opt/airflow/dags/clean_sales_dag.py
[2026-02-02T20:13:38.262+0000] {processor.py:840} INFO - DAG(s) 'sales_silver_cleaning_pipeline' retrieved from /opt/airflow/dags/clean_sales_dag.py
[2026-02-02T20:13:38.286+0000] {logging_mixin.py:188} INFO - [2026-02-02T20:13:38.286+0000] {dag.py:3089} INFO - Sync 1 DAGs
[2026-02-02T20:13:38.301+0000] {logging_mixin.py:188} INFO - [2026-02-02T20:13:38.300+0000] {dag.py:3947} INFO - Setting next_dagrun for sales_silver_cleaning_pipeline to None, run_after=None
[2026-02-02T20:13:38.336+0000] {processor.py:183} INFO - Processing /opt/airflow/dags/clean_sales_dag.py took 0.107 seconds
[2026-02-02T20:14:08.897+0000] {processor.py:161} INFO - Started process (PID=297) to work on /opt/airflow/dags/clean_sales_dag.py
[2026-02-02T20:14:08.898+0000] {processor.py:830} INFO - Processing file /opt/airflow/dags/clean_sales_dag.py for tasks to queue
[2026-02-02T20:14:08.899+0000] {logging_mixin.py:188} INFO - [2026-02-02T20:14:08.899+0000] {dagbag.py:545} INFO - Filling up the DagBag from /opt/airflow/dags/clean_sales_dag.py
[2026-02-02T20:14:08.918+0000] {processor.py:840} INFO - DAG(s) 'sales_silver_cleaning_pipeline' retrieved from /opt/airflow/dags/clean_sales_dag.py
[2026-02-02T20:14:08.941+0000] {logging_mixin.py:188} INFO - [2026-02-02T20:14:08.940+0000] {dag.py:3089} INFO - Sync 1 DAGs
[2026-02-02T20:14:08.955+0000] {logging_mixin.py:188} INFO - [2026-02-02T20:14:08.954+0000] {dag.py:3947} INFO - Setting next_dagrun for sales_silver_cleaning_pipeline to None, run_after=None
[2026-02-02T20:14:08.991+0000] {processor.py:183} INFO - Processing /opt/airflow/dags/clean_sales_dag.py took 0.099 seconds
[2026-02-02T20:14:39.471+0000] {processor.py:161} INFO - Started process (PID=301) to work on /opt/airflow/dags/clean_sales_dag.py
[2026-02-02T20:14:39.472+0000] {processor.py:830} INFO - Processing file /opt/airflow/dags/clean_sales_dag.py for tasks to queue
[2026-02-02T20:14:39.474+0000] {logging_mixin.py:188} INFO - [2026-02-02T20:14:39.473+0000] {dagbag.py:545} INFO - Filling up the DagBag from /opt/airflow/dags/clean_sales_dag.py
[2026-02-02T20:14:39.489+0000] {processor.py:840} INFO - DAG(s) 'sales_silver_cleaning_pipeline' retrieved from /opt/airflow/dags/clean_sales_dag.py
[2026-02-02T20:14:39.515+0000] {logging_mixin.py:188} INFO - [2026-02-02T20:14:39.515+0000] {dag.py:3089} INFO - Sync 1 DAGs
[2026-02-02T20:14:39.530+0000] {logging_mixin.py:188} INFO - [2026-02-02T20:14:39.530+0000] {dag.py:3947} INFO - Setting next_dagrun for sales_silver_cleaning_pipeline to None, run_after=None
[2026-02-02T20:14:39.552+0000] {processor.py:183} INFO - Processing /opt/airflow/dags/clean_sales_dag.py took 0.086 seconds
[2026-02-02T20:15:10.135+0000] {processor.py:161} INFO - Started process (PID=327) to work on /opt/airflow/dags/clean_sales_dag.py
[2026-02-02T20:15:10.137+0000] {processor.py:830} INFO - Processing file /opt/airflow/dags/clean_sales_dag.py for tasks to queue
[2026-02-02T20:15:10.141+0000] {logging_mixin.py:188} INFO - [2026-02-02T20:15:10.141+0000] {dagbag.py:545} INFO - Filling up the DagBag from /opt/airflow/dags/clean_sales_dag.py
[2026-02-02T20:15:10.183+0000] {processor.py:840} INFO - DAG(s) 'sales_silver_cleaning_pipeline' retrieved from /opt/airflow/dags/clean_sales_dag.py
[2026-02-02T20:15:10.234+0000] {logging_mixin.py:188} INFO - [2026-02-02T20:15:10.233+0000] {dag.py:3089} INFO - Sync 1 DAGs
[2026-02-02T20:15:10.282+0000] {logging_mixin.py:188} INFO - [2026-02-02T20:15:10.281+0000] {dag.py:3947} INFO - Setting next_dagrun for sales_silver_cleaning_pipeline to None, run_after=None
[2026-02-02T20:15:10.357+0000] {processor.py:183} INFO - Processing /opt/airflow/dags/clean_sales_dag.py took 0.233 seconds
[2026-02-02T20:15:40.844+0000] {processor.py:161} INFO - Started process (PID=359) to work on /opt/airflow/dags/clean_sales_dag.py
[2026-02-02T20:15:40.845+0000] {processor.py:830} INFO - Processing file /opt/airflow/dags/clean_sales_dag.py for tasks to queue
[2026-02-02T20:15:40.847+0000] {logging_mixin.py:188} INFO - [2026-02-02T20:15:40.847+0000] {dagbag.py:545} INFO - Filling up the DagBag from /opt/airflow/dags/clean_sales_dag.py
[2026-02-02T20:15:40.863+0000] {processor.py:840} INFO - DAG(s) 'sales_silver_cleaning_pipeline' retrieved from /opt/airflow/dags/clean_sales_dag.py
[2026-02-02T20:15:40.888+0000] {logging_mixin.py:188} INFO - [2026-02-02T20:15:40.888+0000] {dag.py:3089} INFO - Sync 1 DAGs
[2026-02-02T20:15:40.900+0000] {logging_mixin.py:188} INFO - [2026-02-02T20:15:40.900+0000] {dag.py:3947} INFO - Setting next_dagrun for sales_silver_cleaning_pipeline to None, run_after=None
[2026-02-02T20:15:40.934+0000] {processor.py:183} INFO - Processing /opt/airflow/dags/clean_sales_dag.py took 0.094 seconds
[2026-02-02T20:16:11.461+0000] {processor.py:161} INFO - Started process (PID=363) to work on /opt/airflow/dags/clean_sales_dag.py
[2026-02-02T20:16:11.463+0000] {processor.py:830} INFO - Processing file /opt/airflow/dags/clean_sales_dag.py for tasks to queue
[2026-02-02T20:16:11.465+0000] {logging_mixin.py:188} INFO - [2026-02-02T20:16:11.465+0000] {dagbag.py:545} INFO - Filling up the DagBag from /opt/airflow/dags/clean_sales_dag.py
[2026-02-02T20:16:11.483+0000] {processor.py:840} INFO - DAG(s) 'sales_silver_cleaning_pipeline' retrieved from /opt/airflow/dags/clean_sales_dag.py
[2026-02-02T20:16:11.507+0000] {logging_mixin.py:188} INFO - [2026-02-02T20:16:11.506+0000] {dag.py:3089} INFO - Sync 1 DAGs
[2026-02-02T20:16:11.521+0000] {logging_mixin.py:188} INFO - [2026-02-02T20:16:11.521+0000] {dag.py:3947} INFO - Setting next_dagrun for sales_silver_cleaning_pipeline to None, run_after=None
[2026-02-02T20:16:11.545+0000] {processor.py:183} INFO - Processing /opt/airflow/dags/clean_sales_dag.py took 0.091 seconds
[2026-02-02T20:16:41.997+0000] {processor.py:161} INFO - Started process (PID=367) to work on /opt/airflow/dags/clean_sales_dag.py
[2026-02-02T20:16:41.998+0000] {processor.py:830} INFO - Processing file /opt/airflow/dags/clean_sales_dag.py for tasks to queue
[2026-02-02T20:16:42.000+0000] {logging_mixin.py:188} INFO - [2026-02-02T20:16:42.000+0000] {dagbag.py:545} INFO - Filling up the DagBag from /opt/airflow/dags/clean_sales_dag.py
[2026-02-02T20:16:42.017+0000] {processor.py:840} INFO - DAG(s) 'sales_silver_cleaning_pipeline' retrieved from /opt/airflow/dags/clean_sales_dag.py
[2026-02-02T20:16:42.043+0000] {logging_mixin.py:188} INFO - [2026-02-02T20:16:42.042+0000] {dag.py:3089} INFO - Sync 1 DAGs
[2026-02-02T20:16:42.057+0000] {logging_mixin.py:188} INFO - [2026-02-02T20:16:42.057+0000] {dag.py:3947} INFO - Setting next_dagrun for sales_silver_cleaning_pipeline to None, run_after=None
[2026-02-02T20:16:42.080+0000] {processor.py:183} INFO - Processing /opt/airflow/dags/clean_sales_dag.py took 0.089 seconds
[2026-02-02T20:17:12.572+0000] {processor.py:161} INFO - Started process (PID=371) to work on /opt/airflow/dags/clean_sales_dag.py
[2026-02-02T20:17:12.573+0000] {processor.py:830} INFO - Processing file /opt/airflow/dags/clean_sales_dag.py for tasks to queue
[2026-02-02T20:17:12.575+0000] {logging_mixin.py:188} INFO - [2026-02-02T20:17:12.575+0000] {dagbag.py:545} INFO - Filling up the DagBag from /opt/airflow/dags/clean_sales_dag.py
[2026-02-02T20:17:12.594+0000] {processor.py:840} INFO - DAG(s) 'sales_silver_cleaning_pipeline' retrieved from /opt/airflow/dags/clean_sales_dag.py
[2026-02-02T20:17:12.632+0000] {logging_mixin.py:188} INFO - [2026-02-02T20:17:12.631+0000] {dag.py:3089} INFO - Sync 1 DAGs
[2026-02-02T20:17:12.648+0000] {logging_mixin.py:188} INFO - [2026-02-02T20:17:12.647+0000] {dag.py:3947} INFO - Setting next_dagrun for sales_silver_cleaning_pipeline to None, run_after=None
[2026-02-02T20:17:12.674+0000] {processor.py:183} INFO - Processing /opt/airflow/dags/clean_sales_dag.py took 0.107 seconds
[2026-02-02T20:17:43.166+0000] {processor.py:161} INFO - Started process (PID=375) to work on /opt/airflow/dags/clean_sales_dag.py
[2026-02-02T20:17:43.168+0000] {processor.py:830} INFO - Processing file /opt/airflow/dags/clean_sales_dag.py for tasks to queue
[2026-02-02T20:17:43.170+0000] {logging_mixin.py:188} INFO - [2026-02-02T20:17:43.170+0000] {dagbag.py:545} INFO - Filling up the DagBag from /opt/airflow/dags/clean_sales_dag.py
[2026-02-02T20:17:43.187+0000] {processor.py:840} INFO - DAG(s) 'sales_silver_cleaning_pipeline' retrieved from /opt/airflow/dags/clean_sales_dag.py
[2026-02-02T20:17:43.212+0000] {logging_mixin.py:188} INFO - [2026-02-02T20:17:43.212+0000] {dag.py:3089} INFO - Sync 1 DAGs
[2026-02-02T20:17:43.226+0000] {logging_mixin.py:188} INFO - [2026-02-02T20:17:43.226+0000] {dag.py:3947} INFO - Setting next_dagrun for sales_silver_cleaning_pipeline to None, run_after=None
[2026-02-02T20:17:43.249+0000] {processor.py:183} INFO - Processing /opt/airflow/dags/clean_sales_dag.py took 0.089 seconds
[2026-02-02T20:18:13.785+0000] {processor.py:161} INFO - Started process (PID=379) to work on /opt/airflow/dags/clean_sales_dag.py
[2026-02-02T20:18:13.786+0000] {processor.py:830} INFO - Processing file /opt/airflow/dags/clean_sales_dag.py for tasks to queue
[2026-02-02T20:18:13.788+0000] {logging_mixin.py:188} INFO - [2026-02-02T20:18:13.788+0000] {dagbag.py:545} INFO - Filling up the DagBag from /opt/airflow/dags/clean_sales_dag.py
[2026-02-02T20:18:13.815+0000] {processor.py:840} INFO - DAG(s) 'sales_silver_cleaning_pipeline' retrieved from /opt/airflow/dags/clean_sales_dag.py
[2026-02-02T20:18:13.842+0000] {logging_mixin.py:188} INFO - [2026-02-02T20:18:13.842+0000] {dag.py:3089} INFO - Sync 1 DAGs
[2026-02-02T20:18:13.860+0000] {logging_mixin.py:188} INFO - [2026-02-02T20:18:13.860+0000] {dag.py:3947} INFO - Setting next_dagrun for sales_silver_cleaning_pipeline to None, run_after=None
[2026-02-02T20:18:13.883+0000] {processor.py:183} INFO - Processing /opt/airflow/dags/clean_sales_dag.py took 0.104 seconds
[2026-02-02T20:18:44.321+0000] {processor.py:161} INFO - Started process (PID=383) to work on /opt/airflow/dags/clean_sales_dag.py
[2026-02-02T20:18:44.322+0000] {processor.py:830} INFO - Processing file /opt/airflow/dags/clean_sales_dag.py for tasks to queue
[2026-02-02T20:18:44.323+0000] {logging_mixin.py:188} INFO - [2026-02-02T20:18:44.323+0000] {dagbag.py:545} INFO - Filling up the DagBag from /opt/airflow/dags/clean_sales_dag.py
[2026-02-02T20:18:44.339+0000] {processor.py:840} INFO - DAG(s) 'sales_silver_cleaning_pipeline' retrieved from /opt/airflow/dags/clean_sales_dag.py
[2026-02-02T20:18:44.364+0000] {logging_mixin.py:188} INFO - [2026-02-02T20:18:44.364+0000] {dag.py:3089} INFO - Sync 1 DAGs
[2026-02-02T20:18:44.379+0000] {logging_mixin.py:188} INFO - [2026-02-02T20:18:44.378+0000] {dag.py:3947} INFO - Setting next_dagrun for sales_silver_cleaning_pipeline to None, run_after=None
[2026-02-02T20:18:44.412+0000] {processor.py:183} INFO - Processing /opt/airflow/dags/clean_sales_dag.py took 0.097 seconds
[2026-02-02T20:19:14.817+0000] {processor.py:161} INFO - Started process (PID=387) to work on /opt/airflow/dags/clean_sales_dag.py
[2026-02-02T20:19:14.819+0000] {processor.py:830} INFO - Processing file /opt/airflow/dags/clean_sales_dag.py for tasks to queue
[2026-02-02T20:19:14.823+0000] {logging_mixin.py:188} INFO - [2026-02-02T20:19:14.823+0000] {dagbag.py:545} INFO - Filling up the DagBag from /opt/airflow/dags/clean_sales_dag.py
[2026-02-02T20:19:14.859+0000] {processor.py:840} INFO - DAG(s) 'sales_silver_cleaning_pipeline' retrieved from /opt/airflow/dags/clean_sales_dag.py
[2026-02-02T20:19:14.903+0000] {logging_mixin.py:188} INFO - [2026-02-02T20:19:14.903+0000] {dag.py:3089} INFO - Sync 1 DAGs
[2026-02-02T20:19:14.931+0000] {logging_mixin.py:188} INFO - [2026-02-02T20:19:14.930+0000] {dag.py:3947} INFO - Setting next_dagrun for sales_silver_cleaning_pipeline to None, run_after=None
[2026-02-02T20:19:14.970+0000] {processor.py:183} INFO - Processing /opt/airflow/dags/clean_sales_dag.py took 0.164 seconds
[2026-02-02T20:19:45.251+0000] {processor.py:161} INFO - Started process (PID=391) to work on /opt/airflow/dags/clean_sales_dag.py
[2026-02-02T20:19:45.251+0000] {processor.py:830} INFO - Processing file /opt/airflow/dags/clean_sales_dag.py for tasks to queue
[2026-02-02T20:19:45.253+0000] {logging_mixin.py:188} INFO - [2026-02-02T20:19:45.253+0000] {dagbag.py:545} INFO - Filling up the DagBag from /opt/airflow/dags/clean_sales_dag.py
[2026-02-02T20:19:45.270+0000] {processor.py:840} INFO - DAG(s) 'sales_silver_cleaning_pipeline' retrieved from /opt/airflow/dags/clean_sales_dag.py
[2026-02-02T20:19:45.296+0000] {logging_mixin.py:188} INFO - [2026-02-02T20:19:45.295+0000] {dag.py:3089} INFO - Sync 1 DAGs
[2026-02-02T20:19:45.311+0000] {logging_mixin.py:188} INFO - [2026-02-02T20:19:45.310+0000] {dag.py:3947} INFO - Setting next_dagrun for sales_silver_cleaning_pipeline to None, run_after=None
[2026-02-02T20:19:45.344+0000] {processor.py:183} INFO - Processing /opt/airflow/dags/clean_sales_dag.py took 0.099 seconds
[2026-02-02T20:20:15.725+0000] {processor.py:161} INFO - Started process (PID=436) to work on /opt/airflow/dags/clean_sales_dag.py
[2026-02-02T20:20:15.726+0000] {processor.py:830} INFO - Processing file /opt/airflow/dags/clean_sales_dag.py for tasks to queue
[2026-02-02T20:20:15.731+0000] {logging_mixin.py:188} INFO - [2026-02-02T20:20:15.730+0000] {dagbag.py:545} INFO - Filling up the DagBag from /opt/airflow/dags/clean_sales_dag.py
[2026-02-02T20:20:15.756+0000] {processor.py:840} INFO - DAG(s) 'sales_silver_cleaning_pipeline' retrieved from /opt/airflow/dags/clean_sales_dag.py
[2026-02-02T20:20:15.786+0000] {logging_mixin.py:188} INFO - [2026-02-02T20:20:15.785+0000] {dag.py:3089} INFO - Sync 1 DAGs
[2026-02-02T20:20:15.805+0000] {logging_mixin.py:188} INFO - [2026-02-02T20:20:15.804+0000] {dag.py:3947} INFO - Setting next_dagrun for sales_silver_cleaning_pipeline to None, run_after=None
[2026-02-02T20:20:15.831+0000] {processor.py:183} INFO - Processing /opt/airflow/dags/clean_sales_dag.py took 0.113 seconds
[2026-02-02T20:20:46.342+0000] {processor.py:161} INFO - Started process (PID=449) to work on /opt/airflow/dags/clean_sales_dag.py
[2026-02-02T20:20:46.344+0000] {processor.py:830} INFO - Processing file /opt/airflow/dags/clean_sales_dag.py for tasks to queue
[2026-02-02T20:20:46.346+0000] {logging_mixin.py:188} INFO - [2026-02-02T20:20:46.346+0000] {dagbag.py:545} INFO - Filling up the DagBag from /opt/airflow/dags/clean_sales_dag.py
[2026-02-02T20:20:46.373+0000] {processor.py:840} INFO - DAG(s) 'sales_silver_cleaning_pipeline' retrieved from /opt/airflow/dags/clean_sales_dag.py
[2026-02-02T20:20:46.402+0000] {logging_mixin.py:188} INFO - [2026-02-02T20:20:46.402+0000] {dag.py:3089} INFO - Sync 1 DAGs
[2026-02-02T20:20:46.418+0000] {logging_mixin.py:188} INFO - [2026-02-02T20:20:46.417+0000] {dag.py:3947} INFO - Setting next_dagrun for sales_silver_cleaning_pipeline to None, run_after=None
[2026-02-02T20:20:46.442+0000] {processor.py:183} INFO - Processing /opt/airflow/dags/clean_sales_dag.py took 0.108 seconds
[2026-02-02T20:21:16.964+0000] {processor.py:161} INFO - Started process (PID=453) to work on /opt/airflow/dags/clean_sales_dag.py
[2026-02-02T20:21:16.964+0000] {processor.py:830} INFO - Processing file /opt/airflow/dags/clean_sales_dag.py for tasks to queue
[2026-02-02T20:21:16.966+0000] {logging_mixin.py:188} INFO - [2026-02-02T20:21:16.966+0000] {dagbag.py:545} INFO - Filling up the DagBag from /opt/airflow/dags/clean_sales_dag.py
[2026-02-02T20:21:16.981+0000] {processor.py:840} INFO - DAG(s) 'sales_silver_cleaning_pipeline' retrieved from /opt/airflow/dags/clean_sales_dag.py
[2026-02-02T20:21:17.004+0000] {logging_mixin.py:188} INFO - [2026-02-02T20:21:17.004+0000] {dag.py:3089} INFO - Sync 1 DAGs
[2026-02-02T20:21:17.016+0000] {logging_mixin.py:188} INFO - [2026-02-02T20:21:17.016+0000] {dag.py:3947} INFO - Setting next_dagrun for sales_silver_cleaning_pipeline to None, run_after=None
[2026-02-02T20:21:17.040+0000] {processor.py:183} INFO - Processing /opt/airflow/dags/clean_sales_dag.py took 0.081 seconds
[2026-02-02T20:21:47.542+0000] {processor.py:161} INFO - Started process (PID=457) to work on /opt/airflow/dags/clean_sales_dag.py
[2026-02-02T20:21:47.543+0000] {processor.py:830} INFO - Processing file /opt/airflow/dags/clean_sales_dag.py for tasks to queue
[2026-02-02T20:21:47.545+0000] {logging_mixin.py:188} INFO - [2026-02-02T20:21:47.544+0000] {dagbag.py:545} INFO - Filling up the DagBag from /opt/airflow/dags/clean_sales_dag.py
[2026-02-02T20:21:47.565+0000] {processor.py:840} INFO - DAG(s) 'sales_silver_cleaning_pipeline' retrieved from /opt/airflow/dags/clean_sales_dag.py
[2026-02-02T20:21:47.594+0000] {logging_mixin.py:188} INFO - [2026-02-02T20:21:47.593+0000] {dag.py:3089} INFO - Sync 1 DAGs
[2026-02-02T20:21:47.608+0000] {logging_mixin.py:188} INFO - [2026-02-02T20:21:47.608+0000] {dag.py:3947} INFO - Setting next_dagrun for sales_silver_cleaning_pipeline to None, run_after=None
[2026-02-02T20:21:47.632+0000] {processor.py:183} INFO - Processing /opt/airflow/dags/clean_sales_dag.py took 0.095 seconds
[2026-02-02T20:22:18.154+0000] {processor.py:161} INFO - Started process (PID=461) to work on /opt/airflow/dags/clean_sales_dag.py
[2026-02-02T20:22:18.155+0000] {processor.py:830} INFO - Processing file /opt/airflow/dags/clean_sales_dag.py for tasks to queue
[2026-02-02T20:22:18.156+0000] {logging_mixin.py:188} INFO - [2026-02-02T20:22:18.156+0000] {dagbag.py:545} INFO - Filling up the DagBag from /opt/airflow/dags/clean_sales_dag.py
[2026-02-02T20:22:18.172+0000] {processor.py:840} INFO - DAG(s) 'sales_silver_cleaning_pipeline' retrieved from /opt/airflow/dags/clean_sales_dag.py
[2026-02-02T20:22:18.195+0000] {logging_mixin.py:188} INFO - [2026-02-02T20:22:18.195+0000] {dag.py:3089} INFO - Sync 1 DAGs
[2026-02-02T20:22:18.209+0000] {logging_mixin.py:188} INFO - [2026-02-02T20:22:18.208+0000] {dag.py:3947} INFO - Setting next_dagrun for sales_silver_cleaning_pipeline to None, run_after=None
[2026-02-02T20:22:18.243+0000] {processor.py:183} INFO - Processing /opt/airflow/dags/clean_sales_dag.py took 0.095 seconds
[2026-02-02T20:22:48.334+0000] {processor.py:161} INFO - Started process (PID=465) to work on /opt/airflow/dags/clean_sales_dag.py
[2026-02-02T20:22:48.335+0000] {processor.py:830} INFO - Processing file /opt/airflow/dags/clean_sales_dag.py for tasks to queue
[2026-02-02T20:22:48.337+0000] {logging_mixin.py:188} INFO - [2026-02-02T20:22:48.337+0000] {dagbag.py:545} INFO - Filling up the DagBag from /opt/airflow/dags/clean_sales_dag.py
[2026-02-02T20:22:48.358+0000] {processor.py:840} INFO - DAG(s) 'sales_silver_cleaning_pipeline' retrieved from /opt/airflow/dags/clean_sales_dag.py
[2026-02-02T20:22:48.384+0000] {logging_mixin.py:188} INFO - [2026-02-02T20:22:48.384+0000] {dag.py:3089} INFO - Sync 1 DAGs
[2026-02-02T20:22:48.401+0000] {logging_mixin.py:188} INFO - [2026-02-02T20:22:48.400+0000] {dag.py:3947} INFO - Setting next_dagrun for sales_silver_cleaning_pipeline to None, run_after=None
[2026-02-02T20:22:48.426+0000] {processor.py:183} INFO - Processing /opt/airflow/dags/clean_sales_dag.py took 0.097 seconds
[2026-02-02T20:23:18.886+0000] {processor.py:161} INFO - Started process (PID=469) to work on /opt/airflow/dags/clean_sales_dag.py
[2026-02-02T20:23:18.887+0000] {processor.py:830} INFO - Processing file /opt/airflow/dags/clean_sales_dag.py for tasks to queue
[2026-02-02T20:23:18.889+0000] {logging_mixin.py:188} INFO - [2026-02-02T20:23:18.888+0000] {dagbag.py:545} INFO - Filling up the DagBag from /opt/airflow/dags/clean_sales_dag.py
[2026-02-02T20:23:18.906+0000] {processor.py:840} INFO - DAG(s) 'sales_silver_cleaning_pipeline' retrieved from /opt/airflow/dags/clean_sales_dag.py
[2026-02-02T20:23:18.930+0000] {logging_mixin.py:188} INFO - [2026-02-02T20:23:18.929+0000] {dag.py:3089} INFO - Sync 1 DAGs
[2026-02-02T20:23:18.943+0000] {logging_mixin.py:188} INFO - [2026-02-02T20:23:18.943+0000] {dag.py:3947} INFO - Setting next_dagrun for sales_silver_cleaning_pipeline to None, run_after=None
[2026-02-02T20:23:18.979+0000] {processor.py:183} INFO - Processing /opt/airflow/dags/clean_sales_dag.py took 0.098 seconds
[2026-02-02T20:23:49.515+0000] {processor.py:161} INFO - Started process (PID=473) to work on /opt/airflow/dags/clean_sales_dag.py
[2026-02-02T20:23:49.516+0000] {processor.py:830} INFO - Processing file /opt/airflow/dags/clean_sales_dag.py for tasks to queue
[2026-02-02T20:23:49.517+0000] {logging_mixin.py:188} INFO - [2026-02-02T20:23:49.517+0000] {dagbag.py:545} INFO - Filling up the DagBag from /opt/airflow/dags/clean_sales_dag.py
[2026-02-02T20:23:49.533+0000] {processor.py:840} INFO - DAG(s) 'sales_silver_cleaning_pipeline' retrieved from /opt/airflow/dags/clean_sales_dag.py
[2026-02-02T20:23:49.556+0000] {logging_mixin.py:188} INFO - [2026-02-02T20:23:49.556+0000] {dag.py:3089} INFO - Sync 1 DAGs
[2026-02-02T20:23:49.570+0000] {logging_mixin.py:188} INFO - [2026-02-02T20:23:49.569+0000] {dag.py:3947} INFO - Setting next_dagrun for sales_silver_cleaning_pipeline to None, run_after=None
[2026-02-02T20:23:49.603+0000] {processor.py:183} INFO - Processing /opt/airflow/dags/clean_sales_dag.py took 0.094 seconds
[2026-02-02T20:24:20.074+0000] {processor.py:161} INFO - Started process (PID=477) to work on /opt/airflow/dags/clean_sales_dag.py
[2026-02-02T20:24:20.075+0000] {processor.py:830} INFO - Processing file /opt/airflow/dags/clean_sales_dag.py for tasks to queue
[2026-02-02T20:24:20.076+0000] {logging_mixin.py:188} INFO - [2026-02-02T20:24:20.076+0000] {dagbag.py:545} INFO - Filling up the DagBag from /opt/airflow/dags/clean_sales_dag.py
[2026-02-02T20:24:20.093+0000] {processor.py:840} INFO - DAG(s) 'sales_silver_cleaning_pipeline' retrieved from /opt/airflow/dags/clean_sales_dag.py
[2026-02-02T20:24:20.116+0000] {logging_mixin.py:188} INFO - [2026-02-02T20:24:20.115+0000] {dag.py:3089} INFO - Sync 1 DAGs
[2026-02-02T20:24:20.129+0000] {logging_mixin.py:188} INFO - [2026-02-02T20:24:20.129+0000] {dag.py:3947} INFO - Setting next_dagrun for sales_silver_cleaning_pipeline to None, run_after=None
[2026-02-02T20:24:20.164+0000] {processor.py:183} INFO - Processing /opt/airflow/dags/clean_sales_dag.py took 0.095 seconds
[2026-02-02T20:24:50.735+0000] {processor.py:161} INFO - Started process (PID=481) to work on /opt/airflow/dags/clean_sales_dag.py
[2026-02-02T20:24:50.736+0000] {processor.py:830} INFO - Processing file /opt/airflow/dags/clean_sales_dag.py for tasks to queue
[2026-02-02T20:24:50.738+0000] {logging_mixin.py:188} INFO - [2026-02-02T20:24:50.738+0000] {dagbag.py:545} INFO - Filling up the DagBag from /opt/airflow/dags/clean_sales_dag.py
[2026-02-02T20:24:50.761+0000] {processor.py:840} INFO - DAG(s) 'sales_silver_cleaning_pipeline' retrieved from /opt/airflow/dags/clean_sales_dag.py
[2026-02-02T20:24:50.784+0000] {logging_mixin.py:188} INFO - [2026-02-02T20:24:50.784+0000] {dag.py:3089} INFO - Sync 1 DAGs
[2026-02-02T20:24:50.799+0000] {logging_mixin.py:188} INFO - [2026-02-02T20:24:50.798+0000] {dag.py:3947} INFO - Setting next_dagrun for sales_silver_cleaning_pipeline to None, run_after=None
[2026-02-02T20:24:50.822+0000] {processor.py:183} INFO - Processing /opt/airflow/dags/clean_sales_dag.py took 0.093 seconds
[2026-02-02T20:25:21.249+0000] {processor.py:161} INFO - Started process (PID=535) to work on /opt/airflow/dags/clean_sales_dag.py
[2026-02-02T20:25:21.250+0000] {processor.py:830} INFO - Processing file /opt/airflow/dags/clean_sales_dag.py for tasks to queue
[2026-02-02T20:25:21.251+0000] {logging_mixin.py:188} INFO - [2026-02-02T20:25:21.251+0000] {dagbag.py:545} INFO - Filling up the DagBag from /opt/airflow/dags/clean_sales_dag.py
[2026-02-02T20:25:21.270+0000] {processor.py:840} INFO - DAG(s) 'sales_silver_cleaning_pipeline' retrieved from /opt/airflow/dags/clean_sales_dag.py
[2026-02-02T20:25:21.294+0000] {logging_mixin.py:188} INFO - [2026-02-02T20:25:21.294+0000] {dag.py:3089} INFO - Sync 1 DAGs
[2026-02-02T20:25:21.307+0000] {logging_mixin.py:188} INFO - [2026-02-02T20:25:21.307+0000] {dag.py:3947} INFO - Setting next_dagrun for sales_silver_cleaning_pipeline to None, run_after=None
[2026-02-02T20:25:21.330+0000] {processor.py:183} INFO - Processing /opt/airflow/dags/clean_sales_dag.py took 0.088 seconds
[2026-02-02T20:25:51.800+0000] {processor.py:161} INFO - Started process (PID=539) to work on /opt/airflow/dags/clean_sales_dag.py
[2026-02-02T20:25:51.801+0000] {processor.py:830} INFO - Processing file /opt/airflow/dags/clean_sales_dag.py for tasks to queue
[2026-02-02T20:25:51.804+0000] {logging_mixin.py:188} INFO - [2026-02-02T20:25:51.804+0000] {dagbag.py:545} INFO - Filling up the DagBag from /opt/airflow/dags/clean_sales_dag.py
[2026-02-02T20:25:51.824+0000] {processor.py:840} INFO - DAG(s) 'sales_silver_cleaning_pipeline' retrieved from /opt/airflow/dags/clean_sales_dag.py
[2026-02-02T20:25:51.851+0000] {logging_mixin.py:188} INFO - [2026-02-02T20:25:51.851+0000] {dag.py:3089} INFO - Sync 1 DAGs
[2026-02-02T20:25:51.866+0000] {logging_mixin.py:188} INFO - [2026-02-02T20:25:51.866+0000] {dag.py:3947} INFO - Setting next_dagrun for sales_silver_cleaning_pipeline to None, run_after=None
[2026-02-02T20:25:51.890+0000] {processor.py:183} INFO - Processing /opt/airflow/dags/clean_sales_dag.py took 0.096 seconds
[2026-02-02T20:26:22.376+0000] {processor.py:161} INFO - Started process (PID=543) to work on /opt/airflow/dags/clean_sales_dag.py
[2026-02-02T20:26:22.378+0000] {processor.py:830} INFO - Processing file /opt/airflow/dags/clean_sales_dag.py for tasks to queue
[2026-02-02T20:26:22.379+0000] {logging_mixin.py:188} INFO - [2026-02-02T20:26:22.379+0000] {dagbag.py:545} INFO - Filling up the DagBag from /opt/airflow/dags/clean_sales_dag.py
[2026-02-02T20:26:22.399+0000] {processor.py:840} INFO - DAG(s) 'sales_silver_cleaning_pipeline' retrieved from /opt/airflow/dags/clean_sales_dag.py
[2026-02-02T20:26:22.424+0000] {logging_mixin.py:188} INFO - [2026-02-02T20:26:22.423+0000] {dag.py:3089} INFO - Sync 1 DAGs
[2026-02-02T20:26:22.437+0000] {logging_mixin.py:188} INFO - [2026-02-02T20:26:22.437+0000] {dag.py:3947} INFO - Setting next_dagrun for sales_silver_cleaning_pipeline to None, run_after=None
[2026-02-02T20:26:22.470+0000] {processor.py:183} INFO - Processing /opt/airflow/dags/clean_sales_dag.py took 0.098 seconds
[2026-02-02T20:26:52.970+0000] {processor.py:161} INFO - Started process (PID=547) to work on /opt/airflow/dags/clean_sales_dag.py
[2026-02-02T20:26:52.971+0000] {processor.py:830} INFO - Processing file /opt/airflow/dags/clean_sales_dag.py for tasks to queue
[2026-02-02T20:26:52.973+0000] {logging_mixin.py:188} INFO - [2026-02-02T20:26:52.972+0000] {dagbag.py:545} INFO - Filling up the DagBag from /opt/airflow/dags/clean_sales_dag.py
[2026-02-02T20:26:52.995+0000] {processor.py:840} INFO - DAG(s) 'sales_silver_cleaning_pipeline' retrieved from /opt/airflow/dags/clean_sales_dag.py
[2026-02-02T20:26:53.022+0000] {logging_mixin.py:188} INFO - [2026-02-02T20:26:53.021+0000] {dag.py:3089} INFO - Sync 1 DAGs
[2026-02-02T20:26:53.042+0000] {logging_mixin.py:188} INFO - [2026-02-02T20:26:53.042+0000] {dag.py:3947} INFO - Setting next_dagrun for sales_silver_cleaning_pipeline to None, run_after=None
[2026-02-02T20:26:53.078+0000] {processor.py:183} INFO - Processing /opt/airflow/dags/clean_sales_dag.py took 0.114 seconds
[2026-02-02T20:27:23.568+0000] {processor.py:161} INFO - Started process (PID=551) to work on /opt/airflow/dags/clean_sales_dag.py
[2026-02-02T20:27:23.569+0000] {processor.py:830} INFO - Processing file /opt/airflow/dags/clean_sales_dag.py for tasks to queue
[2026-02-02T20:27:23.571+0000] {logging_mixin.py:188} INFO - [2026-02-02T20:27:23.571+0000] {dagbag.py:545} INFO - Filling up the DagBag from /opt/airflow/dags/clean_sales_dag.py
[2026-02-02T20:27:23.590+0000] {processor.py:840} INFO - DAG(s) 'sales_silver_cleaning_pipeline' retrieved from /opt/airflow/dags/clean_sales_dag.py
[2026-02-02T20:27:23.614+0000] {logging_mixin.py:188} INFO - [2026-02-02T20:27:23.614+0000] {dag.py:3089} INFO - Sync 1 DAGs
[2026-02-02T20:27:23.628+0000] {logging_mixin.py:188} INFO - [2026-02-02T20:27:23.628+0000] {dag.py:3947} INFO - Setting next_dagrun for sales_silver_cleaning_pipeline to None, run_after=None
[2026-02-02T20:27:23.662+0000] {processor.py:183} INFO - Processing /opt/airflow/dags/clean_sales_dag.py took 0.099 seconds
[2026-02-02T20:27:54.175+0000] {processor.py:161} INFO - Started process (PID=555) to work on /opt/airflow/dags/clean_sales_dag.py
[2026-02-02T20:27:54.176+0000] {processor.py:830} INFO - Processing file /opt/airflow/dags/clean_sales_dag.py for tasks to queue
[2026-02-02T20:27:54.178+0000] {logging_mixin.py:188} INFO - [2026-02-02T20:27:54.177+0000] {dagbag.py:545} INFO - Filling up the DagBag from /opt/airflow/dags/clean_sales_dag.py
[2026-02-02T20:27:54.194+0000] {processor.py:840} INFO - DAG(s) 'sales_silver_cleaning_pipeline' retrieved from /opt/airflow/dags/clean_sales_dag.py
[2026-02-02T20:27:54.217+0000] {logging_mixin.py:188} INFO - [2026-02-02T20:27:54.217+0000] {dag.py:3089} INFO - Sync 1 DAGs
[2026-02-02T20:27:54.231+0000] {logging_mixin.py:188} INFO - [2026-02-02T20:27:54.231+0000] {dag.py:3947} INFO - Setting next_dagrun for sales_silver_cleaning_pipeline to None, run_after=None
[2026-02-02T20:27:54.253+0000] {processor.py:183} INFO - Processing /opt/airflow/dags/clean_sales_dag.py took 0.083 seconds
[2026-02-02T20:28:24.715+0000] {processor.py:161} INFO - Started process (PID=559) to work on /opt/airflow/dags/clean_sales_dag.py
[2026-02-02T20:28:24.716+0000] {processor.py:830} INFO - Processing file /opt/airflow/dags/clean_sales_dag.py for tasks to queue
[2026-02-02T20:28:24.718+0000] {logging_mixin.py:188} INFO - [2026-02-02T20:28:24.717+0000] {dagbag.py:545} INFO - Filling up the DagBag from /opt/airflow/dags/clean_sales_dag.py
[2026-02-02T20:28:24.736+0000] {processor.py:840} INFO - DAG(s) 'sales_silver_cleaning_pipeline' retrieved from /opt/airflow/dags/clean_sales_dag.py
[2026-02-02T20:28:24.761+0000] {logging_mixin.py:188} INFO - [2026-02-02T20:28:24.760+0000] {dag.py:3089} INFO - Sync 1 DAGs
[2026-02-02T20:28:24.774+0000] {logging_mixin.py:188} INFO - [2026-02-02T20:28:24.774+0000] {dag.py:3947} INFO - Setting next_dagrun for sales_silver_cleaning_pipeline to None, run_after=None
[2026-02-02T20:28:24.797+0000] {processor.py:183} INFO - Processing /opt/airflow/dags/clean_sales_dag.py took 0.088 seconds
[2026-02-02T20:28:55.345+0000] {processor.py:161} INFO - Started process (PID=563) to work on /opt/airflow/dags/clean_sales_dag.py
[2026-02-02T20:28:55.346+0000] {processor.py:830} INFO - Processing file /opt/airflow/dags/clean_sales_dag.py for tasks to queue
[2026-02-02T20:28:55.347+0000] {logging_mixin.py:188} INFO - [2026-02-02T20:28:55.347+0000] {dagbag.py:545} INFO - Filling up the DagBag from /opt/airflow/dags/clean_sales_dag.py
[2026-02-02T20:28:55.366+0000] {processor.py:840} INFO - DAG(s) 'sales_silver_cleaning_pipeline' retrieved from /opt/airflow/dags/clean_sales_dag.py
[2026-02-02T20:28:55.393+0000] {logging_mixin.py:188} INFO - [2026-02-02T20:28:55.393+0000] {dag.py:3089} INFO - Sync 1 DAGs
[2026-02-02T20:28:55.411+0000] {logging_mixin.py:188} INFO - [2026-02-02T20:28:55.411+0000] {dag.py:3947} INFO - Setting next_dagrun for sales_silver_cleaning_pipeline to None, run_after=None
[2026-02-02T20:28:55.435+0000] {processor.py:183} INFO - Processing /opt/airflow/dags/clean_sales_dag.py took 0.095 seconds
[2026-02-02T20:29:25.872+0000] {processor.py:161} INFO - Started process (PID=567) to work on /opt/airflow/dags/clean_sales_dag.py
[2026-02-02T20:29:25.873+0000] {processor.py:830} INFO - Processing file /opt/airflow/dags/clean_sales_dag.py for tasks to queue
[2026-02-02T20:29:25.875+0000] {logging_mixin.py:188} INFO - [2026-02-02T20:29:25.874+0000] {dagbag.py:545} INFO - Filling up the DagBag from /opt/airflow/dags/clean_sales_dag.py
[2026-02-02T20:29:25.891+0000] {processor.py:840} INFO - DAG(s) 'sales_silver_cleaning_pipeline' retrieved from /opt/airflow/dags/clean_sales_dag.py
[2026-02-02T20:29:25.915+0000] {logging_mixin.py:188} INFO - [2026-02-02T20:29:25.915+0000] {dag.py:3089} INFO - Sync 1 DAGs
[2026-02-02T20:29:25.929+0000] {logging_mixin.py:188} INFO - [2026-02-02T20:29:25.929+0000] {dag.py:3947} INFO - Setting next_dagrun for sales_silver_cleaning_pipeline to None, run_after=None
[2026-02-02T20:29:25.952+0000] {processor.py:183} INFO - Processing /opt/airflow/dags/clean_sales_dag.py took 0.085 seconds
[2026-02-02T20:29:56.600+0000] {processor.py:161} INFO - Started process (PID=571) to work on /opt/airflow/dags/clean_sales_dag.py
[2026-02-02T20:29:56.602+0000] {processor.py:830} INFO - Processing file /opt/airflow/dags/clean_sales_dag.py for tasks to queue
[2026-02-02T20:29:56.605+0000] {logging_mixin.py:188} INFO - [2026-02-02T20:29:56.605+0000] {dagbag.py:545} INFO - Filling up the DagBag from /opt/airflow/dags/clean_sales_dag.py
[2026-02-02T20:29:56.639+0000] {processor.py:840} INFO - DAG(s) 'sales_silver_cleaning_pipeline' retrieved from /opt/airflow/dags/clean_sales_dag.py
[2026-02-02T20:29:56.675+0000] {logging_mixin.py:188} INFO - [2026-02-02T20:29:56.674+0000] {dag.py:3089} INFO - Sync 1 DAGs
[2026-02-02T20:29:56.694+0000] {logging_mixin.py:188} INFO - [2026-02-02T20:29:56.694+0000] {dag.py:3947} INFO - Setting next_dagrun for sales_silver_cleaning_pipeline to None, run_after=None
[2026-02-02T20:29:56.728+0000] {processor.py:183} INFO - Processing /opt/airflow/dags/clean_sales_dag.py took 0.135 seconds
[2026-02-02T20:30:27.125+0000] {processor.py:161} INFO - Started process (PID=625) to work on /opt/airflow/dags/clean_sales_dag.py
[2026-02-02T20:30:27.126+0000] {processor.py:830} INFO - Processing file /opt/airflow/dags/clean_sales_dag.py for tasks to queue
[2026-02-02T20:30:27.128+0000] {logging_mixin.py:188} INFO - [2026-02-02T20:30:27.128+0000] {dagbag.py:545} INFO - Filling up the DagBag from /opt/airflow/dags/clean_sales_dag.py
[2026-02-02T20:30:27.158+0000] {processor.py:840} INFO - DAG(s) 'sales_silver_cleaning_pipeline' retrieved from /opt/airflow/dags/clean_sales_dag.py
[2026-02-02T20:30:27.180+0000] {logging_mixin.py:188} INFO - [2026-02-02T20:30:27.180+0000] {dag.py:3089} INFO - Sync 1 DAGs
[2026-02-02T20:30:27.192+0000] {logging_mixin.py:188} INFO - [2026-02-02T20:30:27.192+0000] {dag.py:3947} INFO - Setting next_dagrun for sales_silver_cleaning_pipeline to None, run_after=None
[2026-02-02T20:30:27.214+0000] {processor.py:183} INFO - Processing /opt/airflow/dags/clean_sales_dag.py took 0.094 seconds
[2026-02-02T20:30:57.717+0000] {processor.py:161} INFO - Started process (PID=629) to work on /opt/airflow/dags/clean_sales_dag.py
[2026-02-02T20:30:57.718+0000] {processor.py:830} INFO - Processing file /opt/airflow/dags/clean_sales_dag.py for tasks to queue
[2026-02-02T20:30:57.720+0000] {logging_mixin.py:188} INFO - [2026-02-02T20:30:57.719+0000] {dagbag.py:545} INFO - Filling up the DagBag from /opt/airflow/dags/clean_sales_dag.py
[2026-02-02T20:30:57.738+0000] {processor.py:840} INFO - DAG(s) 'sales_silver_cleaning_pipeline' retrieved from /opt/airflow/dags/clean_sales_dag.py
[2026-02-02T20:30:57.770+0000] {logging_mixin.py:188} INFO - [2026-02-02T20:30:57.769+0000] {dag.py:3089} INFO - Sync 1 DAGs
[2026-02-02T20:30:57.784+0000] {logging_mixin.py:188} INFO - [2026-02-02T20:30:57.783+0000] {dag.py:3947} INFO - Setting next_dagrun for sales_silver_cleaning_pipeline to None, run_after=None
[2026-02-02T20:30:57.807+0000] {processor.py:183} INFO - Processing /opt/airflow/dags/clean_sales_dag.py took 0.095 seconds
[2026-02-02T20:31:28.242+0000] {processor.py:161} INFO - Started process (PID=633) to work on /opt/airflow/dags/clean_sales_dag.py
[2026-02-02T20:31:28.243+0000] {processor.py:830} INFO - Processing file /opt/airflow/dags/clean_sales_dag.py for tasks to queue
[2026-02-02T20:31:28.245+0000] {logging_mixin.py:188} INFO - [2026-02-02T20:31:28.244+0000] {dagbag.py:545} INFO - Filling up the DagBag from /opt/airflow/dags/clean_sales_dag.py
[2026-02-02T20:31:28.268+0000] {processor.py:840} INFO - DAG(s) 'sales_silver_cleaning_pipeline' retrieved from /opt/airflow/dags/clean_sales_dag.py
[2026-02-02T20:31:28.293+0000] {logging_mixin.py:188} INFO - [2026-02-02T20:31:28.293+0000] {dag.py:3089} INFO - Sync 1 DAGs
[2026-02-02T20:31:28.306+0000] {logging_mixin.py:188} INFO - [2026-02-02T20:31:28.306+0000] {dag.py:3947} INFO - Setting next_dagrun for sales_silver_cleaning_pipeline to None, run_after=None
[2026-02-02T20:31:28.339+0000] {processor.py:183} INFO - Processing /opt/airflow/dags/clean_sales_dag.py took 0.103 seconds
[2026-02-02T20:31:58.803+0000] {processor.py:161} INFO - Started process (PID=637) to work on /opt/airflow/dags/clean_sales_dag.py
[2026-02-02T20:31:58.804+0000] {processor.py:830} INFO - Processing file /opt/airflow/dags/clean_sales_dag.py for tasks to queue
[2026-02-02T20:31:58.806+0000] {logging_mixin.py:188} INFO - [2026-02-02T20:31:58.806+0000] {dagbag.py:545} INFO - Filling up the DagBag from /opt/airflow/dags/clean_sales_dag.py
[2026-02-02T20:31:58.824+0000] {processor.py:840} INFO - DAG(s) 'sales_silver_cleaning_pipeline' retrieved from /opt/airflow/dags/clean_sales_dag.py
[2026-02-02T20:31:58.852+0000] {logging_mixin.py:188} INFO - [2026-02-02T20:31:58.851+0000] {dag.py:3089} INFO - Sync 1 DAGs
[2026-02-02T20:31:58.867+0000] {logging_mixin.py:188} INFO - [2026-02-02T20:31:58.866+0000] {dag.py:3947} INFO - Setting next_dagrun for sales_silver_cleaning_pipeline to None, run_after=None
[2026-02-02T20:31:58.889+0000] {processor.py:183} INFO - Processing /opt/airflow/dags/clean_sales_dag.py took 0.090 seconds
[2026-02-02T20:32:29.311+0000] {processor.py:161} INFO - Started process (PID=651) to work on /opt/airflow/dags/clean_sales_dag.py
[2026-02-02T20:32:29.313+0000] {processor.py:830} INFO - Processing file /opt/airflow/dags/clean_sales_dag.py for tasks to queue
[2026-02-02T20:32:29.314+0000] {logging_mixin.py:188} INFO - [2026-02-02T20:32:29.314+0000] {dagbag.py:545} INFO - Filling up the DagBag from /opt/airflow/dags/clean_sales_dag.py
[2026-02-02T20:32:29.338+0000] {processor.py:840} INFO - DAG(s) 'sales_silver_cleaning_pipeline' retrieved from /opt/airflow/dags/clean_sales_dag.py
[2026-02-02T20:32:29.361+0000] {logging_mixin.py:188} INFO - [2026-02-02T20:32:29.360+0000] {dag.py:3089} INFO - Sync 1 DAGs
[2026-02-02T20:32:29.374+0000] {logging_mixin.py:188} INFO - [2026-02-02T20:32:29.374+0000] {dag.py:3947} INFO - Setting next_dagrun for sales_silver_cleaning_pipeline to None, run_after=None
[2026-02-02T20:32:29.398+0000] {processor.py:183} INFO - Processing /opt/airflow/dags/clean_sales_dag.py took 0.093 seconds
[2026-02-02T20:32:59.882+0000] {processor.py:161} INFO - Started process (PID=655) to work on /opt/airflow/dags/clean_sales_dag.py
[2026-02-02T20:32:59.883+0000] {processor.py:830} INFO - Processing file /opt/airflow/dags/clean_sales_dag.py for tasks to queue
[2026-02-02T20:32:59.885+0000] {logging_mixin.py:188} INFO - [2026-02-02T20:32:59.884+0000] {dagbag.py:545} INFO - Filling up the DagBag from /opt/airflow/dags/clean_sales_dag.py
[2026-02-02T20:32:59.905+0000] {processor.py:840} INFO - DAG(s) 'sales_silver_cleaning_pipeline' retrieved from /opt/airflow/dags/clean_sales_dag.py
[2026-02-02T20:32:59.933+0000] {logging_mixin.py:188} INFO - [2026-02-02T20:32:59.933+0000] {dag.py:3089} INFO - Sync 1 DAGs
[2026-02-02T20:32:59.947+0000] {logging_mixin.py:188} INFO - [2026-02-02T20:32:59.947+0000] {dag.py:3947} INFO - Setting next_dagrun for sales_silver_cleaning_pipeline to None, run_after=None
[2026-02-02T20:32:59.984+0000] {processor.py:183} INFO - Processing /opt/airflow/dags/clean_sales_dag.py took 0.108 seconds
[2026-02-02T20:33:30.424+0000] {processor.py:161} INFO - Started process (PID=659) to work on /opt/airflow/dags/clean_sales_dag.py
[2026-02-02T20:33:30.425+0000] {processor.py:830} INFO - Processing file /opt/airflow/dags/clean_sales_dag.py for tasks to queue
[2026-02-02T20:33:30.428+0000] {logging_mixin.py:188} INFO - [2026-02-02T20:33:30.428+0000] {dagbag.py:545} INFO - Filling up the DagBag from /opt/airflow/dags/clean_sales_dag.py
[2026-02-02T20:33:30.456+0000] {processor.py:840} INFO - DAG(s) 'sales_silver_cleaning_pipeline' retrieved from /opt/airflow/dags/clean_sales_dag.py
[2026-02-02T20:33:30.505+0000] {logging_mixin.py:188} INFO - [2026-02-02T20:33:30.505+0000] {dag.py:3089} INFO - Sync 1 DAGs
[2026-02-02T20:33:30.525+0000] {logging_mixin.py:188} INFO - [2026-02-02T20:33:30.524+0000] {dag.py:3947} INFO - Setting next_dagrun for sales_silver_cleaning_pipeline to None, run_after=None
[2026-02-02T20:33:30.551+0000] {processor.py:183} INFO - Processing /opt/airflow/dags/clean_sales_dag.py took 0.136 seconds
[2026-02-02T20:34:00.987+0000] {processor.py:161} INFO - Started process (PID=663) to work on /opt/airflow/dags/clean_sales_dag.py
[2026-02-02T20:34:00.988+0000] {processor.py:830} INFO - Processing file /opt/airflow/dags/clean_sales_dag.py for tasks to queue
[2026-02-02T20:34:00.990+0000] {logging_mixin.py:188} INFO - [2026-02-02T20:34:00.990+0000] {dagbag.py:545} INFO - Filling up the DagBag from /opt/airflow/dags/clean_sales_dag.py
[2026-02-02T20:34:01.011+0000] {processor.py:840} INFO - DAG(s) 'sales_silver_cleaning_pipeline' retrieved from /opt/airflow/dags/clean_sales_dag.py
[2026-02-02T20:34:01.037+0000] {logging_mixin.py:188} INFO - [2026-02-02T20:34:01.037+0000] {dag.py:3089} INFO - Sync 1 DAGs
[2026-02-02T20:34:01.052+0000] {logging_mixin.py:188} INFO - [2026-02-02T20:34:01.051+0000] {dag.py:3947} INFO - Setting next_dagrun for sales_silver_cleaning_pipeline to None, run_after=None
[2026-02-02T20:34:01.085+0000] {processor.py:183} INFO - Processing /opt/airflow/dags/clean_sales_dag.py took 0.104 seconds
[2026-02-02T20:34:31.548+0000] {processor.py:161} INFO - Started process (PID=667) to work on /opt/airflow/dags/clean_sales_dag.py
[2026-02-02T20:34:31.549+0000] {processor.py:830} INFO - Processing file /opt/airflow/dags/clean_sales_dag.py for tasks to queue
[2026-02-02T20:34:31.551+0000] {logging_mixin.py:188} INFO - [2026-02-02T20:34:31.551+0000] {dagbag.py:545} INFO - Filling up the DagBag from /opt/airflow/dags/clean_sales_dag.py
[2026-02-02T20:34:31.573+0000] {processor.py:840} INFO - DAG(s) 'sales_silver_cleaning_pipeline' retrieved from /opt/airflow/dags/clean_sales_dag.py
[2026-02-02T20:34:31.603+0000] {logging_mixin.py:188} INFO - [2026-02-02T20:34:31.603+0000] {dag.py:3089} INFO - Sync 1 DAGs
[2026-02-02T20:34:31.620+0000] {logging_mixin.py:188} INFO - [2026-02-02T20:34:31.620+0000] {dag.py:3947} INFO - Setting next_dagrun for sales_silver_cleaning_pipeline to None, run_after=None
[2026-02-02T20:34:31.647+0000] {processor.py:183} INFO - Processing /opt/airflow/dags/clean_sales_dag.py took 0.104 seconds
[2026-02-02T20:35:01.698+0000] {processor.py:161} INFO - Started process (PID=672) to work on /opt/airflow/dags/clean_sales_dag.py
[2026-02-02T20:35:01.699+0000] {processor.py:830} INFO - Processing file /opt/airflow/dags/clean_sales_dag.py for tasks to queue
[2026-02-02T20:35:01.701+0000] {logging_mixin.py:188} INFO - [2026-02-02T20:35:01.701+0000] {dagbag.py:545} INFO - Filling up the DagBag from /opt/airflow/dags/clean_sales_dag.py
[2026-02-02T20:35:01.719+0000] {processor.py:840} INFO - DAG(s) 'sales_silver_cleaning_pipeline' retrieved from /opt/airflow/dags/clean_sales_dag.py
[2026-02-02T20:35:01.751+0000] {logging_mixin.py:188} INFO - [2026-02-02T20:35:01.751+0000] {dag.py:3089} INFO - Sync 1 DAGs
[2026-02-02T20:35:01.768+0000] {logging_mixin.py:188} INFO - [2026-02-02T20:35:01.768+0000] {dag.py:3947} INFO - Setting next_dagrun for sales_silver_cleaning_pipeline to None, run_after=None
[2026-02-02T20:35:01.804+0000] {processor.py:183} INFO - Processing /opt/airflow/dags/clean_sales_dag.py took 0.112 seconds
[2026-02-02T20:35:32.214+0000] {processor.py:161} INFO - Started process (PID=725) to work on /opt/airflow/dags/clean_sales_dag.py
[2026-02-02T20:35:32.216+0000] {processor.py:830} INFO - Processing file /opt/airflow/dags/clean_sales_dag.py for tasks to queue
[2026-02-02T20:35:32.219+0000] {logging_mixin.py:188} INFO - [2026-02-02T20:35:32.218+0000] {dagbag.py:545} INFO - Filling up the DagBag from /opt/airflow/dags/clean_sales_dag.py
[2026-02-02T20:35:32.264+0000] {processor.py:840} INFO - DAG(s) 'sales_silver_cleaning_pipeline' retrieved from /opt/airflow/dags/clean_sales_dag.py
[2026-02-02T20:35:32.298+0000] {logging_mixin.py:188} INFO - [2026-02-02T20:35:32.298+0000] {dag.py:3089} INFO - Sync 1 DAGs
[2026-02-02T20:35:32.315+0000] {logging_mixin.py:188} INFO - [2026-02-02T20:35:32.315+0000] {dag.py:3947} INFO - Setting next_dagrun for sales_silver_cleaning_pipeline to None, run_after=None
[2026-02-02T20:35:32.345+0000] {processor.py:183} INFO - Processing /opt/airflow/dags/clean_sales_dag.py took 0.138 seconds
[2026-02-02T20:36:02.834+0000] {processor.py:161} INFO - Started process (PID=729) to work on /opt/airflow/dags/clean_sales_dag.py
[2026-02-02T20:36:02.836+0000] {processor.py:830} INFO - Processing file /opt/airflow/dags/clean_sales_dag.py for tasks to queue
[2026-02-02T20:36:02.838+0000] {logging_mixin.py:188} INFO - [2026-02-02T20:36:02.838+0000] {dagbag.py:545} INFO - Filling up the DagBag from /opt/airflow/dags/clean_sales_dag.py
[2026-02-02T20:36:02.886+0000] {processor.py:840} INFO - DAG(s) 'sales_silver_cleaning_pipeline' retrieved from /opt/airflow/dags/clean_sales_dag.py
[2026-02-02T20:36:02.942+0000] {logging_mixin.py:188} INFO - [2026-02-02T20:36:02.941+0000] {dag.py:3089} INFO - Sync 1 DAGs
[2026-02-02T20:36:02.984+0000] {logging_mixin.py:188} INFO - [2026-02-02T20:36:02.983+0000] {dag.py:3947} INFO - Setting next_dagrun for sales_silver_cleaning_pipeline to None, run_after=None
[2026-02-02T20:36:03.042+0000] {processor.py:183} INFO - Processing /opt/airflow/dags/clean_sales_dag.py took 0.217 seconds
[2026-02-02T20:36:33.768+0000] {processor.py:161} INFO - Started process (PID=733) to work on /opt/airflow/dags/clean_sales_dag.py
[2026-02-02T20:36:33.771+0000] {processor.py:830} INFO - Processing file /opt/airflow/dags/clean_sales_dag.py for tasks to queue
[2026-02-02T20:36:33.775+0000] {logging_mixin.py:188} INFO - [2026-02-02T20:36:33.774+0000] {dagbag.py:545} INFO - Filling up the DagBag from /opt/airflow/dags/clean_sales_dag.py
[2026-02-02T20:36:33.824+0000] {processor.py:840} INFO - DAG(s) 'sales_silver_cleaning_pipeline' retrieved from /opt/airflow/dags/clean_sales_dag.py
[2026-02-02T20:36:33.872+0000] {logging_mixin.py:188} INFO - [2026-02-02T20:36:33.871+0000] {dag.py:3089} INFO - Sync 1 DAGs
[2026-02-02T20:36:33.893+0000] {logging_mixin.py:188} INFO - [2026-02-02T20:36:33.892+0000] {dag.py:3947} INFO - Setting next_dagrun for sales_silver_cleaning_pipeline to None, run_after=None
[2026-02-02T20:36:33.927+0000] {processor.py:183} INFO - Processing /opt/airflow/dags/clean_sales_dag.py took 0.179 seconds
[2026-02-02T20:37:04.229+0000] {processor.py:161} INFO - Started process (PID=737) to work on /opt/airflow/dags/clean_sales_dag.py
[2026-02-02T20:37:04.231+0000] {processor.py:830} INFO - Processing file /opt/airflow/dags/clean_sales_dag.py for tasks to queue
[2026-02-02T20:37:04.235+0000] {logging_mixin.py:188} INFO - [2026-02-02T20:37:04.234+0000] {dagbag.py:545} INFO - Filling up the DagBag from /opt/airflow/dags/clean_sales_dag.py
[2026-02-02T20:37:04.283+0000] {processor.py:840} INFO - DAG(s) 'sales_silver_cleaning_pipeline' retrieved from /opt/airflow/dags/clean_sales_dag.py
[2026-02-02T20:37:04.322+0000] {logging_mixin.py:188} INFO - [2026-02-02T20:37:04.322+0000] {dag.py:3089} INFO - Sync 1 DAGs
[2026-02-02T20:37:04.343+0000] {logging_mixin.py:188} INFO - [2026-02-02T20:37:04.342+0000] {dag.py:3947} INFO - Setting next_dagrun for sales_silver_cleaning_pipeline to None, run_after=None
[2026-02-02T20:37:04.417+0000] {processor.py:183} INFO - Processing /opt/airflow/dags/clean_sales_dag.py took 0.199 seconds
[2026-02-02T20:39:28.841+0000] {processor.py:161} INFO - Started process (PID=25) to work on /opt/airflow/dags/clean_sales_dag.py
[2026-02-02T20:39:28.845+0000] {processor.py:830} INFO - Processing file /opt/airflow/dags/clean_sales_dag.py for tasks to queue
[2026-02-02T20:39:28.849+0000] {logging_mixin.py:188} INFO - [2026-02-02T20:39:28.848+0000] {dagbag.py:545} INFO - Filling up the DagBag from /opt/airflow/dags/clean_sales_dag.py
[2026-02-02T20:39:28.934+0000] {processor.py:840} INFO - DAG(s) 'sales_silver_cleaning_pipeline' retrieved from /opt/airflow/dags/clean_sales_dag.py
[2026-02-02T20:39:29.084+0000] {logging_mixin.py:188} INFO - [2026-02-02T20:39:29.083+0000] {dag.py:3089} INFO - Sync 1 DAGs
[2026-02-02T20:39:29.121+0000] {logging_mixin.py:188} INFO - [2026-02-02T20:39:29.120+0000] {dag.py:3947} INFO - Setting next_dagrun for sales_silver_cleaning_pipeline to None, run_after=None
[2026-02-02T20:39:29.162+0000] {processor.py:183} INFO - Processing /opt/airflow/dags/clean_sales_dag.py took 0.335 seconds
[2026-02-02T20:39:59.507+0000] {processor.py:161} INFO - Started process (PID=39) to work on /opt/airflow/dags/clean_sales_dag.py
[2026-02-02T20:39:59.511+0000] {processor.py:830} INFO - Processing file /opt/airflow/dags/clean_sales_dag.py for tasks to queue
[2026-02-02T20:39:59.516+0000] {logging_mixin.py:188} INFO - [2026-02-02T20:39:59.515+0000] {dagbag.py:545} INFO - Filling up the DagBag from /opt/airflow/dags/clean_sales_dag.py
[2026-02-02T20:39:59.570+0000] {processor.py:840} INFO - DAG(s) 'sales_silver_cleaning_pipeline' retrieved from /opt/airflow/dags/clean_sales_dag.py
[2026-02-02T20:39:59.645+0000] {logging_mixin.py:188} INFO - [2026-02-02T20:39:59.645+0000] {dag.py:3089} INFO - Sync 1 DAGs
[2026-02-02T20:39:59.705+0000] {logging_mixin.py:188} INFO - [2026-02-02T20:39:59.705+0000] {dag.py:3947} INFO - Setting next_dagrun for sales_silver_cleaning_pipeline to None, run_after=None
[2026-02-02T20:39:59.769+0000] {processor.py:183} INFO - Processing /opt/airflow/dags/clean_sales_dag.py took 0.280 seconds
[2026-02-02T20:40:30.231+0000] {processor.py:161} INFO - Started process (PID=72) to work on /opt/airflow/dags/clean_sales_dag.py
[2026-02-02T20:40:30.234+0000] {processor.py:830} INFO - Processing file /opt/airflow/dags/clean_sales_dag.py for tasks to queue
[2026-02-02T20:40:30.238+0000] {logging_mixin.py:188} INFO - [2026-02-02T20:40:30.237+0000] {dagbag.py:545} INFO - Filling up the DagBag from /opt/airflow/dags/clean_sales_dag.py
[2026-02-02T20:40:30.287+0000] {processor.py:840} INFO - DAG(s) 'sales_silver_cleaning_pipeline' retrieved from /opt/airflow/dags/clean_sales_dag.py
[2026-02-02T20:40:30.351+0000] {logging_mixin.py:188} INFO - [2026-02-02T20:40:30.351+0000] {dag.py:3089} INFO - Sync 1 DAGs
[2026-02-02T20:40:30.380+0000] {logging_mixin.py:188} INFO - [2026-02-02T20:40:30.380+0000] {dag.py:3947} INFO - Setting next_dagrun for sales_silver_cleaning_pipeline to None, run_after=None
[2026-02-02T20:40:30.420+0000] {processor.py:183} INFO - Processing /opt/airflow/dags/clean_sales_dag.py took 0.216 seconds
[2026-02-02T20:41:00.865+0000] {processor.py:161} INFO - Started process (PID=97) to work on /opt/airflow/dags/clean_sales_dag.py
[2026-02-02T20:41:00.867+0000] {processor.py:830} INFO - Processing file /opt/airflow/dags/clean_sales_dag.py for tasks to queue
[2026-02-02T20:41:00.870+0000] {logging_mixin.py:188} INFO - [2026-02-02T20:41:00.870+0000] {dagbag.py:545} INFO - Filling up the DagBag from /opt/airflow/dags/clean_sales_dag.py
[2026-02-02T20:41:00.934+0000] {processor.py:840} INFO - DAG(s) 'sales_silver_cleaning_pipeline' retrieved from /opt/airflow/dags/clean_sales_dag.py
[2026-02-02T20:41:00.995+0000] {logging_mixin.py:188} INFO - [2026-02-02T20:41:00.995+0000] {dag.py:3089} INFO - Sync 1 DAGs
[2026-02-02T20:41:01.025+0000] {logging_mixin.py:188} INFO - [2026-02-02T20:41:01.024+0000] {dag.py:3947} INFO - Setting next_dagrun for sales_silver_cleaning_pipeline to None, run_after=None
[2026-02-02T20:41:01.073+0000] {processor.py:183} INFO - Processing /opt/airflow/dags/clean_sales_dag.py took 0.217 seconds
[2026-02-02T20:41:31.728+0000] {processor.py:161} INFO - Started process (PID=101) to work on /opt/airflow/dags/clean_sales_dag.py
[2026-02-02T20:41:31.731+0000] {processor.py:830} INFO - Processing file /opt/airflow/dags/clean_sales_dag.py for tasks to queue
[2026-02-02T20:41:31.736+0000] {logging_mixin.py:188} INFO - [2026-02-02T20:41:31.736+0000] {dagbag.py:545} INFO - Filling up the DagBag from /opt/airflow/dags/clean_sales_dag.py
[2026-02-02T20:41:31.801+0000] {processor.py:840} INFO - DAG(s) 'sales_silver_cleaning_pipeline' retrieved from /opt/airflow/dags/clean_sales_dag.py
[2026-02-02T20:41:31.876+0000] {logging_mixin.py:188} INFO - [2026-02-02T20:41:31.876+0000] {dag.py:3089} INFO - Sync 1 DAGs
[2026-02-02T20:41:31.926+0000] {logging_mixin.py:188} INFO - [2026-02-02T20:41:31.926+0000] {dag.py:3947} INFO - Setting next_dagrun for sales_silver_cleaning_pipeline to None, run_after=None
[2026-02-02T20:41:32.022+0000] {processor.py:183} INFO - Processing /opt/airflow/dags/clean_sales_dag.py took 0.311 seconds
[2026-02-02T20:42:02.809+0000] {processor.py:161} INFO - Started process (PID=105) to work on /opt/airflow/dags/clean_sales_dag.py
[2026-02-02T20:42:02.811+0000] {processor.py:830} INFO - Processing file /opt/airflow/dags/clean_sales_dag.py for tasks to queue
[2026-02-02T20:42:02.814+0000] {logging_mixin.py:188} INFO - [2026-02-02T20:42:02.813+0000] {dagbag.py:545} INFO - Filling up the DagBag from /opt/airflow/dags/clean_sales_dag.py
[2026-02-02T20:42:02.862+0000] {processor.py:840} INFO - DAG(s) 'sales_silver_cleaning_pipeline' retrieved from /opt/airflow/dags/clean_sales_dag.py
[2026-02-02T20:42:02.912+0000] {logging_mixin.py:188} INFO - [2026-02-02T20:42:02.912+0000] {dag.py:3089} INFO - Sync 1 DAGs
[2026-02-02T20:42:02.935+0000] {logging_mixin.py:188} INFO - [2026-02-02T20:42:02.935+0000] {dag.py:3947} INFO - Setting next_dagrun for sales_silver_cleaning_pipeline to None, run_after=None
[2026-02-02T20:42:03.032+0000] {processor.py:183} INFO - Processing /opt/airflow/dags/clean_sales_dag.py took 0.234 seconds
[2026-02-02T20:42:33.552+0000] {processor.py:161} INFO - Started process (PID=109) to work on /opt/airflow/dags/clean_sales_dag.py
[2026-02-02T20:42:33.555+0000] {processor.py:830} INFO - Processing file /opt/airflow/dags/clean_sales_dag.py for tasks to queue
[2026-02-02T20:42:33.557+0000] {logging_mixin.py:188} INFO - [2026-02-02T20:42:33.557+0000] {dagbag.py:545} INFO - Filling up the DagBag from /opt/airflow/dags/clean_sales_dag.py
[2026-02-02T20:42:33.602+0000] {processor.py:840} INFO - DAG(s) 'sales_silver_cleaning_pipeline' retrieved from /opt/airflow/dags/clean_sales_dag.py
[2026-02-02T20:42:33.651+0000] {logging_mixin.py:188} INFO - [2026-02-02T20:42:33.651+0000] {dag.py:3089} INFO - Sync 1 DAGs
[2026-02-02T20:42:33.675+0000] {logging_mixin.py:188} INFO - [2026-02-02T20:42:33.674+0000] {dag.py:3947} INFO - Setting next_dagrun for sales_silver_cleaning_pipeline to None, run_after=None
[2026-02-02T20:42:33.713+0000] {processor.py:183} INFO - Processing /opt/airflow/dags/clean_sales_dag.py took 0.176 seconds
[2026-02-02T20:43:04.217+0000] {processor.py:161} INFO - Started process (PID=124) to work on /opt/airflow/dags/clean_sales_dag.py
[2026-02-02T20:43:04.219+0000] {processor.py:830} INFO - Processing file /opt/airflow/dags/clean_sales_dag.py for tasks to queue
[2026-02-02T20:43:04.223+0000] {logging_mixin.py:188} INFO - [2026-02-02T20:43:04.222+0000] {dagbag.py:545} INFO - Filling up the DagBag from /opt/airflow/dags/clean_sales_dag.py
[2026-02-02T20:43:04.266+0000] {processor.py:840} INFO - DAG(s) 'sales_silver_cleaning_pipeline' retrieved from /opt/airflow/dags/clean_sales_dag.py
[2026-02-02T20:43:04.311+0000] {logging_mixin.py:188} INFO - [2026-02-02T20:43:04.311+0000] {dag.py:3089} INFO - Sync 1 DAGs
[2026-02-02T20:43:04.335+0000] {logging_mixin.py:188} INFO - [2026-02-02T20:43:04.335+0000] {dag.py:3947} INFO - Setting next_dagrun for sales_silver_cleaning_pipeline to None, run_after=None
[2026-02-02T20:43:04.412+0000] {processor.py:183} INFO - Processing /opt/airflow/dags/clean_sales_dag.py took 0.207 seconds
[2026-02-02T20:43:34.792+0000] {processor.py:161} INFO - Started process (PID=165) to work on /opt/airflow/dags/clean_sales_dag.py
[2026-02-02T20:43:34.794+0000] {processor.py:830} INFO - Processing file /opt/airflow/dags/clean_sales_dag.py for tasks to queue
[2026-02-02T20:43:34.800+0000] {logging_mixin.py:188} INFO - [2026-02-02T20:43:34.799+0000] {dagbag.py:545} INFO - Filling up the DagBag from /opt/airflow/dags/clean_sales_dag.py
[2026-02-02T20:43:34.856+0000] {processor.py:840} INFO - DAG(s) 'sales_silver_cleaning_pipeline' retrieved from /opt/airflow/dags/clean_sales_dag.py
[2026-02-02T20:43:34.908+0000] {logging_mixin.py:188} INFO - [2026-02-02T20:43:34.907+0000] {dag.py:3089} INFO - Sync 1 DAGs
[2026-02-02T20:43:34.942+0000] {logging_mixin.py:188} INFO - [2026-02-02T20:43:34.942+0000] {dag.py:3947} INFO - Setting next_dagrun for sales_silver_cleaning_pipeline to None, run_after=None
[2026-02-02T20:43:34.982+0000] {processor.py:183} INFO - Processing /opt/airflow/dags/clean_sales_dag.py took 0.207 seconds
[2026-02-02T20:44:05.178+0000] {processor.py:161} INFO - Started process (PID=171) to work on /opt/airflow/dags/clean_sales_dag.py
[2026-02-02T20:44:05.179+0000] {processor.py:830} INFO - Processing file /opt/airflow/dags/clean_sales_dag.py for tasks to queue
[2026-02-02T20:44:05.183+0000] {logging_mixin.py:188} INFO - [2026-02-02T20:44:05.182+0000] {dagbag.py:545} INFO - Filling up the DagBag from /opt/airflow/dags/clean_sales_dag.py
[2026-02-02T20:44:05.230+0000] {processor.py:840} INFO - DAG(s) 'sales_silver_cleaning_pipeline' retrieved from /opt/airflow/dags/clean_sales_dag.py
[2026-02-02T20:44:05.293+0000] {logging_mixin.py:188} INFO - [2026-02-02T20:44:05.293+0000] {dag.py:3089} INFO - Sync 1 DAGs
[2026-02-02T20:44:05.347+0000] {logging_mixin.py:188} INFO - [2026-02-02T20:44:05.347+0000] {dag.py:3947} INFO - Setting next_dagrun for sales_silver_cleaning_pipeline to None, run_after=None
[2026-02-02T20:44:05.456+0000] {processor.py:183} INFO - Processing /opt/airflow/dags/clean_sales_dag.py took 0.287 seconds
